1 Sector Number 3 Road,city
10 Sector Number 3 Road,Ahmedabad
10 Sector Number 6 Road,Ahmedabad
100 Feet Road,Ahmedabad
11 Sector Number 6 Road,Ahmedabad
14 Road,Ahmedabad
14TH ROAD,Ahmedabad
17th Main Road,Ahmedabad
1st Block Jayanagar,Ahmedabad
1st block Kalyan Nagar,Ahmedabad
1st Cross,Ahmedabad
1st Phase JP Nagar,Ahmedabad
1st stage,Ahmedabad
20 Vashi Kopar Khairane Road,Ahmedabad
200 Feet Road,Ahmedabad
23 Sector Number 3 Road,Ahmedabad
24 Sector Number 3 Road,Ahmedabad
25th B Main Rd,Ahmedabad
26 Sector 15 Road,Ahmedabad
27 Sector 15 Road,Ahmedabad
29 Sector 3 Airoli Road,Ahmedabad
2nd Block HRBR Layout Bangalore,Ahmedabad
2nd Phase,Ahmedabad
2nd Phase JP Nagar,Ahmedabad
3rd Block HBR Layout,Ahmedabad
3rd Phase KPHB,Ahmedabad
4 Bunglows,Ahmedabad
48 Sector 22 Road,Ahmedabad
5 Sector Number 6 Road,Ahmedabad
5th Block,Ahmedabad
5th Phase,Ahmedabad
5th Phase JP Nagar,Ahmedabad
5th Rd,Ahmedabad
6 Sector Number 3 Road,Ahmedabad
60 Feet Road,Ahmedabad
6th Phase KPHB,Ahmedabad
7 Bunglow,Ahmedabad
7 Sector Number 3 Road,Ahmedabad
7 Tombs Road,Ahmedabad
7th Cross,Ahmedabad
8 Sector Number 3 Road,Ahmedabad
8th Block Jayanagar,Ahmedabad
8th Block Koramangala,Ahmedabad
90 Feet Road,Ahmedabad
9th Block Jayanagar,Ahmedabad
9th Main Hongasandra GB Palya Road,Ahmedabad
9th Phase Road,Ahmedabad
A C Guards,Ahmedabad
A1 Block Paschim Vihar Delhi,Ahmedabad
Aavalahalli,Ahmedabad
Abbaiah Reddy Layout Road,Ahmedabad
Abbigere,Ahmedabad
Abids,Ahmedabad
Abiramapuram,Ahmedabad
Abul Fazal Enclave Jamia Nagar,Ahmedabad
Action Area 1A,Ahmedabad
Action Area 1B,Ahmedabad
Action Area I,Ahmedabad
Action Area I Newtown,Ahmedabad
Action Area II,Ahmedabad
Action Area IIB New Town,Ahmedabad
Action Area III Of New Town Rajarhat,Ahmedabad
Adakamaranahalli,Ahmedabad
Adambakam,Ahmedabad
Adambakkam,Ahmedabad
Adambakkam NGO Colony,Ahmedabad
Adarsh Nagar,Ahmedabad
Adarsh Nagar,Ahmedabad
Adarsh Nagar Kiwale,Ahmedabad
Adarsh Nagar Lohgaon,Ahmedabad
Adarsh Palm Retreat,Ahmedabad
Adchini,Ahmedabad
Additional M.I.D.C,Ahmedabad
Adhanur,Ahmedabad
Adharwadi,Ahmedabad
Adibatla,Ahmedabad
Adikmet,Ahmedabad
Adraj,Ahmedabad
Adugodi,Ahmedabad
Adyar,Ahmedabad
AECS Layout,Ahmedabad
AECS Layout A Block Singasandra,Ahmedabad
AECS Layout Block C,Ahmedabad
Aga Abbas Ali Road,Ahmedabad
Agalambe,Ahmedabad
Agara,Ahmedabad
Agaram,Ahmedabad
Agaramthen,Ahmedabad
Agarpara,Ahmedabad
AGCR Enclave,Ahmedabad
Agrahara Layout,Ahmedabad
Agripada,Ahmedabad
ahimsa marg,Ahmedabad
Ahmedabad Cantonment,Ahmedabad
Ahmedguda,Ahmedabad
Airoli,Ahmedabad
Airoli Gaothan,Ahmedabad
Airoli Sector 20,Ahmedabad
Airport,Ahmedabad
Airport Area,Ahmedabad
Airport Road,Ahmedabad
Airport road,Ahmedabad
Ajay Nagar,Ahmedabad
Ajmeri Gate,Ahmedabad
Akashnagar B Narayanapura,Ahmedabad
Akkarai,Ahmedabad
Akra,Ahmedabad
Akshar 2,Ahmedabad
Akshayanagar,Ahmedabad
Akshayanagara East,Ahmedabad
Akurdi,Ahmedabad
Akurdi Chowk,Ahmedabad
Alair,Ahmedabad
Alaknanda,Ahmedabad
Alandi,Ahmedabad
Alandur,Ahmedabad
ALF Garden Layout,Ahmedabad
Alipore,Ahmedabad
Alkapur,Ahmedabad
Alkapur township,Ahmedabad
Allalasandra,Ahmedabad
Alluri Seetaramaraju Nagar,Ahmedabad
Allwyn Colony,Ahmedabad
Almasguda,Ahmedabad
Almeida Park,Ahmedabad
Altamount Road,Ahmedabad
Alwal,Ahmedabad
Alwarpet,Ahmedabad
Amalodbhavi Nagar,Ahmedabad
Amar colony,Ahmedabad
Amar Srushti,Ahmedabad
Amarant Road,Ahmedabad
Amarjyoti Layout,Ahmedabad
Ambalipura,Ahmedabad
Ambapur,Ahmedabad
Ambarnath,Ahmedabad
Ambattur,Ahmedabad
Ambattur INDUSTRIAL ESTATE,Ahmedabad
Ambattur Red Hills Road,Ahmedabad
Ambavadi,Ahmedabad
Ambawadi Circle,Ahmedabad
Ambedkar Nagar,Ahmedabad
Ambedkar Nagar,Ahmedabad
Ambegaon 1,Ahmedabad
Ambegaon Budruk,Ahmedabad
Ambegaon Pathar,Ahmedabad
Ambegaon PuneMumbai Hwy,Ahmedabad
Ambernath East,Ahmedabad
Ambernath West,Ahmedabad
Amberpet,Ahmedabad
Ambivali,Ahmedabad
Ambivli,Ahmedabad
Ambli,Ahmedabad
Ambli Bopal Road,Ahmedabad
Amboli,Ahmedabad
Ameenpur,Ahmedabad
Ameenpur Plots,Ahmedabad
Ameenpur Village Patancheru,Ahmedabad
Ameerpet,Ahmedabad
Ameerpet Road,Ahmedabad
Aminjikarai,Ahmedabad
Aminpur,Ahmedabad
Amraiwadi,Ahmedabad
Amritpuri,Ahmedabad
Amrut Nagar,Ahmedabad
Amrutahalli,Ahmedabad
Amruthahalli,Ahmedabad
Amruthahalli Main Road,Ahmedabad
Anagalapura Near Hennur Main Road,Ahmedabad
Anakaputhur,Ahmedabad
Anand Gokul Layout,Ahmedabad
Anand Kunj,Ahmedabad
Anand Lok,Ahmedabad
Anand Nagar,Ahmedabad
Anand Nagar,Ahmedabad
Anand Nagar,Ahmedabad
Anand Nagar Main,Ahmedabad
Anand Nagar Thane West,Ahmedabad
Anand Niketan,Ahmedabad
Anand Parbat,Ahmedabad
Anand Tirth Nagar,Ahmedabad
Anand Vihar,Ahmedabad
Anand Vihar,Ahmedabad
Anandapally,Ahmedabad
Anandapur,Ahmedabad
Anandapuri,Ahmedabad
Anantapura,Ahmedabad
Ananthapura main,Ahmedabad
Anarkali Colony South Anarkali Colony,Ahmedabad
Anchepalya Tumkur Road,Ahmedabad
Andheri,Ahmedabad
Andheri East,Ahmedabad
Andheri East Takshila Colony,Ahmedabad
Andheri Kurla Road,Ahmedabad
andheri lokhndwala,Ahmedabad
Andheri Railway Station East Middle Overpass,Ahmedabad
Andheri West,Ahmedabad
Andheri West Sahakar Nagar,Ahmedabad
Andrahalli,Ahmedabad
Andul,Ahmedabad
Andul Mauri,Ahmedabad
Anekal City,Ahmedabad
Anjaiah Nagar,Ahmedabad
Anjali Cross Road,Bangalore
Anjanapura,Bangalore
Anjanapura Township,Bangalore
Anjaneya Nagar,Bangalore
Anjurdive,Bangalore
Anna Nagar,Bangalore
Anna Nagar East,Bangalore
Anna Nagar West Extension,Bangalore
Annai Meenakshi Nagar,Bangalore
Annai Sathya Nagar,Bangalore
Annanagar West,Bangalore
Annapoorneshwari Nagar,Bangalore
Annapurneshwari Nagar,Bangalore
Annojiguda,Bangalore
Ansal Satbari,Bangalore
Ansari Nagar East,Bangalore
Ansari Nagar West,Bangalore
Antarli,Bangalore
Antop Hill,Bangalore
Anushakti Nagar,Bangalore
Aparna Hill Park,Bangalore
Appa Junction,Bangalore
Appa Junction Peerancheru,Bangalore
Appareddipalya,Bangalore
Arakere,Bangalore
Arakere Bannerghatta Road,Bangalore
Arakkonam North,Bangalore
aranyeshwar,Bangalore
Arasinakunte,Bangalore
Arcot Road Valasaravakkam,Bangalore
Arekere,Bangalore
Ariadaha,Bangalore
Arkavathy Layout,Bangalore
Armane Nagar,Bangalore
Arumbakkam,Bangalore
AS Rao Nagar,Bangalore
Asalpha,Bangalore
Asangaon,Bangalore
Asarwa,Bangalore
asha nagar thakur complex kandivali east,Bangalore
Ashok Nagar,Bangalore
Ashok Nagar,Bangalore
Ashok Nagar,Bangalore
Ashok Nagar,Bangalore
Ashok Nagar,Bangalore
Ashok Vihar,Bangalore
Ashok Vihar Phase-1,Bangalore
Ashoknagar,Bangalore
Ashram Road,Bangalore
Ashraya Layout Bangalore,Bangalore
Ashta Lakshmi Nagar,Bangalore
Ashwini Layout,Bangalore
Asian Games Village Complex,Bangalore
Asif Nagar,Bangalore
Asif Nagar North,Bangalore
Attapur,Bangalore
Attibele,Bangalore
Attibele Industrial Area,Bangalore
Attiguppe,Bangalore
Attipattu,Bangalore
Aundh,Bangalore
Aundh Gaon,Bangalore
Aurobindo Park,Bangalore
Aurungzeb Road,Bangalore
Austin Town,Bangalore
Auto Nagar,Bangalore
Avadi,Bangalore
Avalahalli,Bangalore
Avalahalli Off Sarjapur Road,Bangalore
Avanti Nagar,Bangalore
Avantika Sector 1,Bangalore
Avvai Nagar,Bangalore
Awhalwadi,Bangalore
AWHO Hadapsar Colony,Bangalore
Aya Nagar,Bangalore
Aya Nagar Bandh Road,Bangalore
Ayanambakkam,Bangalore
Ayanavaram,Bangalore
Ayapakkam,Bangalore
Ayapanthangal,Bangalore
Ayojan Nagar,Bangalore
Ayyappa Nagar Main Road,Bangalore
Ayyappa Society,Bangalore
Azad Nagar,Bangalore
azad nagar,Bangalore
Azad ngr Metro station,Bangalore
Azad Society Road,Bangalore
Azadpur,Bangalore
Azamabad,Bangalore
Aziz Bagh Colony,Bangalore
B 5 Block,Bangalore
B Channasandra Kasturi Nagar,Bangalore
B K Dutt Colony,Bangalore
B N reddy nagar,Bangalore
B Narayanapura,Bangalore
B Narayanapura Road,Bangalore
Babamma Colony,Bangalore
Babarpur,Bangalore
Babhai,Bangalore
Bablatala Kalipark,Bangalore
Babu Bagan,Bangalore
Babusa Palya,Bangalore
Bachupally,Bangalore
Bachupally Road,Bangalore
Bachupaly Road Miyapur,Bangalore
Badamanavarthekaval,Bangalore
Badangpet,Bangalore
Badarpur,Bangalore
Baderaj Colony,Bangalore
Badesahebguda,Bangalore
Badlapur East,Bangalore
Badlapur West,Bangalore
Bagalakunte,Bangalore
Bagalur,Bangalore
Bagaluru,Bangalore
Bagaluru Near Yelahanka,Bangalore
Bagath Singh Nagar Phase 2,Bangalore
Bagbazar,Bangalore
Baghajatin,Bangalore
Baghdad Nagar,Bangalore
Baguiati,Bangalore
Baguiati Hela Battala,Bangalore
Baguihati,Bangalore
Bahadurpally,Bangalore
Bahadurpura,Bangalore
Bahapur,Bangalore
Baidyabati,Bangalore
Bairagiguda,Bangalore
Baishali Park,Bangalore
Baishnabghata Patuli Township,Bangalore
Baiyappanahalli Road,Bangalore
Bakhori,Bangalore
Bakori Road,Bangalore
Balagere,Bangalore
Balaji Colony,Bangalore
Balaji Layout,Bangalore
Balaji Nagar,Bangalore
BalajiNagar,Bangalore
Balakampet,Bangalore
Balanagar,Bangalore
Balapur,Bangalore
Balavinayagar Nagar,Bangalore
Balewadi,Bangalore
Balewadi Gaon,Bangalore
Balewadi High Street,Bangalore
Balewadi Phata,Bangalore
Bali Nagar,Bangalore
Balia Garia Road,Bangalore
Balitikuri,Bangalore
Baljeet Nagar,Bangalore
Baljit Nagar,Bangalore
Balkampet,Bangalore
Balkum,Bangalore
Bally,Bangalore
Ballygunge,Bangalore
Ballygunge Circular Rd,Bangalore
Ballygunge Park,Bangalore
Ballygunge Place East,Bangalore
Balrajeshwar Road,Bangalore
Balram Nagar,Bangalore
Banamalipur,Bangalore
Banashankari,Bangalore
Banashankari 3rd Stage Banashankari,Bangalore
Banashankari 6th Stage 6th Block,Bangalore
Banashankari II Stage,Bangalore
Banashankari Stage 2nd,Bangalore
Banashankari Stage I,Bangalore
Banashankari Stage II,Bangalore
Banashankari Stage III,Bangalore
Banashankari Temple Ward,Bangalore
Banaswadi,Bangalore
Bandel,Bangalore
Bandlaguda Jagir,Bangalore
Bandra East,Bangalore
Bandra Kurla Complex,Bangalore
BANDRA RECLEMATION,Bangalore
Bandra West,Bangalore
Bandstand,Bangalore
Bandstand Road,Bangalore
Baner,Bangalore
Baner Hill Trail,Bangalore
Baner Pashan Link Road,Bangalore
Baner Road,Bangalore
Banerjee Para Road,Bangalore
Bangalore,Bangalore
Bangalore City Municipal Corporation Layout,Bangalore
Bangur,Bangalore
Bangur avenue,Bangalore
Bangur Block C,Bangalore
Bangur Park,Bangalore
Banjara Hills,Bangalore
Banjara Hills Main Road,Bangalore
Banjara Hills Road Number 10,Bangalore
Banjara Hills Road Number 12,Bangalore
Bannerghatta,Bangalore
Bannerghatta Road Bannerughatta,Bangalore
Bannerughatta,Bangalore
Bansdroni,Bangalore
Bansdroni Metro Station Road,Bangalore
Banu Nagar,Bangalore
Bapgoan,Bangalore
Baprola,Bangalore
Bapu Bagh Colony Road,Bangalore
Bapu Nagar,Bangalore
Bapuji Nagar,Bangalore
Bapuji Nagar,Bangalore
Bapunagar,Bangalore
Barabazar Market,Bangalore
Baramati,Bangalore
Baranagar,Bangalore
Barasat,Bangalore
Barisha,Bangalore
Barisha Purba Para Road,Bangalore
Barrackpore,Bangalore
Baruipur,Bangalore
Basai Dara pur,Bangalore
Basak Bagan,Bangalore
Basant Garden,Bangalore
Basapura,Bangalore
Basavanagar,Bangalore
Basavanagudi,Bangalore
Basavanapura,Bangalore
Basavanna Nagar Main,Bangalore
Basaveshwaranagar,Bangalore
Basaveswarnagar,Bangalore
Basuri Bagan,Bangalore
Batla House Jamia Nagar,Bangalore
Batla House Okhla,Bangalore
Battarahalli,Bangalore
Bavdhan,Bangalore
bavdhan patil nagar,Bangalore
Bavla,Bangalore
Bawana,Bangalore
BCC Layout,Bangalore
Bedarahalli,Bangalore
Bedia Danga Kasba,Bangalore
Bediadanga,Bangalore
Beeramguda,Bangalore
Begampur Park,Bangalore
Begumpet,Bangalore
Begumpet Main Road,Bangalore
Begumpet Road,Bangalore
BegumpetBrahmanvadi Road,Bangalore
Begumpur Road,Bangalore
Begur,Bangalore
Begur Road,Bangalore
Begur Woods Layout,Bangalore
Behala,Bangalore
Behala Chowrasta,Bangalore
Behala Manton,Bangalore
Behala Sakher Bazar,Bangalore
Behala Thana,Bangalore
Belapur,Bangalore
Belathur,Bangalore
Belathur Kadugodi,Bangalore
Belathur Main Road,Bangalore
Belathur On Sarjapur Bagalur Road,Bangalore
Beleghata Main Road,Bangalore
Belgachia,Bangalore
Belghoria,Bangalore
Beliaghata,Bangalore
Beliaghata Baruipur Canning Road,Bangalore
Beliaghata Main Road,Bangalore
Bella Tuscany,Bangalore
Bellahalli,Bangalore
Bellandur,Bangalore
Bellary Road Hebbal Kempapura,Bangalore
Belur,Bangalore
Belur Nagasandra,Bangalore
Bendre Nagar,Bangalore
Beniapukur,Bangalore
Bennigana Halli,Bangalore
Benson Town,Bangalore
Besant Nagar,Bangalore
best residency apartment delhi dwarka sector 19,Bangalore
Bethel Nagar Road,Bangalore
Bettadasapura,Bangalore
Bettahalli,Bangalore
Beturkar Pada,Bangalore
Bevarly Park,Bangalore
BF Block,Bangalore
Bhadaj,Bangalore
Bhadreswar,Bangalore
Bhagath Singh Nagar,Bangalore
Bhagwat Vidyapith Road,Bangalore
Bhagyanagar Colony Kukatpally,Bangalore
Bhairav Nagar,Bangalore
Bhakti Mandir,Bangalore
Bhakti Park,Bangalore
Bhakti Park Wadala East,Bangalore
Bhandarkar Road,Bangalore
Bhandup East,Bangalore
Bhandup Village Road,Bangalore
Bhandup West,Bangalore
Bhangarwadi,Bangalore
Bharat Nagar,Bangalore
Bharat Nagar,Bangalore
Bharat Vihar,Bangalore
Bharath Nagar Anjana Nagar,Bangalore
Bharathiyar Nagar,Bangalore
Bharati Vidyapeeth,Bangalore
Bharati Vidyapeeth Campus,Bangalore
Bharthal,Bangalore
Bharti Nagar,Bangalore
Bhat,Bangalore
Bhatenda,Bangalore
Bhatpara,Bangalore
Bhattapaldi,Bangalore
Bhau Patil Road,Bangalore
Bhawani Nagar,Bangalore
Bhawani Nagar Society,Bangalore
Bhawani Peth,Bangalore
Bhawanipur,Bangalore
Bhayandar East,Bangalore
Bhayandar West,Bangalore
Bhegade Aali,Bangalore
bhekarai nagar,Bangalore
BHEL,Bangalore
BHEL OLD MIG,Bangalore
BHEL Vidyut Nagar,Bangalore
Bhelkenagar,Bangalore
Bhiwandi,Bangalore
Bhoganhalli,Bangalore
Bhoir Wadi,Bangalore
Bhoirwadi,Bangalore
Bhoirwadi,Bangalore
Bhoiwada Kalyan,Bangalore
Bhojerhat,Bangalore
Bhoomi Park Phase 2 Road,Bangalore
Bhosari,Bangalore
Bhowanipore,Bangalore
Bhudarpura Road,Bangalore
Bhugaon,Bangalore
Bhukum,Bangalore
Bhuleshwar,Bangalore
Bhumkar Das Gugre Road,Bangalore
bhusari colony,Bangalore
Bhusari colony left,Bangalore
Bhusari colony right,Bangalore
Bibwewadi,Bangalore
Bibwewadi Kondhwa Road,Bangalore
Bidaraguppe,Bangalore
Bidare Agraha,Bangalore
Bidhan Pally,Bangalore
Bijoygarh,Bangalore
Bijoygarh Sree Colony,Bangalore
Bijwasan,Bangalore
Bikasipura,Bangalore
Bikramgarh,Bangalore
Bilekahalli,Bangalore
Bileshivale,Bangalore
Bindapur,Bangalore
Binnipete,Bangalore
Bipin Pal Road,Bangalore
birati,Bangalore
BK Guda Road,Bangalore
BKC Bandra,Bangalore
Block AP Poorvi Pitampura,Bangalore
Block C Lajpat Nagar I,Bangalore
Block C4F,Bangalore
Block D Kailash Colony,Bangalore
Block D Lajpat Nagar I,Bangalore
Block DP Poorvi Pitampura,Bangalore
Block DU Uttari Pitampura,Bangalore
Block E Lajpat Nagar I,Bangalore
Block E Pandav Nagar Road,Bangalore
Block ED Dakshini Pitampura,Bangalore
Block H Lajpat Nagar I,Bangalore
Block I Lajpat Nagar II,Bangalore
Block MP Poorvi Pitampura,Bangalore
Block QP Poorvi Pitampura,Bangalore
Block RU Uttari Pitampura,Bangalore
Block SU Uttari Pitampura,Bangalore
Block UU Uttari Pitampura,Bangalore
Block WZ Basai Dara pur,Bangalore
Blue Ridge   Paranjpe Schemes,Bangalore
Blue Ridge Approach Road,Bangalore
Boat Club Road,Bangalore
Bodakdev,Bangalore
Bodakdev Road,Bangalore
Bodkewadi,Bangalore
Boduppal,Bangalore
Boiguda,Bangalore
Boisar,Bangalore
Boisar West,Bangalore
Bolarum,Bangalore
Bollahalli,Bangalore
Bollaram,Bangalore
Bollaram Industrial Area,Bangalore
Bommanahalli,Bangalore
Bommasandra,Bangalore
Bommasandra Industrial Area,Bangalore
Bommasandra Jigani Link Rd,Bangalore
Bommenahalli,Bangalore
Bondal Gate,Bangalore
Bondel Road,Bangalore
Bongloor,Bangalore
Bonhooghly on BT Road,Bangalore
Bonshet,Bangalore
Bopal,Bangalore
Bopdev Ghat,Bangalore
Bopkhel,Bangalore
Bopodi,Bangalore
Borabanda,Bangalore
Border Thottam,Bangalore
Borewell Road,Bangalore
Borivali,Bangalore
Borivali East,Bangalore
Borivali West,Bangalore
Borivali West New Ashok Nagar,Bangalore
Borivali West Old MHB Colony,Bangalore
Bosepukur,Bangalore
Botanical Garden Area,Bangalore
Botanical Garden Road Kondapur,Bangalore
Botiguda,Bangalore
Bow Bazaar,Bangalore
Bowenpally,Bangalore
Bowrampet,Bangalore
Bramhapur,Bangalore
Breach Candy,Bangalore
Brijwasan,Bangalore
Brookefield,Bangalore
Brookefield AECS Layout A Block,Bangalore
Brunton Road,Bangalore
BSK 3rd Stage,Bangalore
BT Kawade Road,Bangalore
BT Kawde,Bangalore
BTM 1st Stage,Bangalore
BTM 2nd Stage,Bangalore
BTM 4th stage,Bangalore
BTM Layout,Bangalore
BTM Layout 2nd Stage,Bangalore
Buddha Nagar,Bangalore
Budge Budge,Bangalore
Budh Vihar,Bangalore
Budhwar Peth,Bangalore
Budigere Cross,Bangalore
Budvel,Bangalore
Bund Garden,Bangalore
Burari,Bangalore
Burari Kamal Vihar,Bangalore
Buroshibtala,Bangalore
Byadarahalli,Bangalore
Byadralli,Bangalore
byatarayanapura,Bangalore
Byculla,Bangalore
Byculla East,Bangalore
byculla west,Bangalore
Byrathi,Bangalore
Byraveshwara Industrial Estate,Bangalore
C R Park,Bangalore
C S B Layout,Bangalore
Camac Street,Bangalore
Cambridge Layout,Bangalore
Camp,Bangalore
Camp,Bangalore
Carmelaram,Bangalore
Carmicheal Road,Bangalore
Carter Road,Bangalore
Casa Bella Gold,Bangalore
CBCID Colony,Bangalore
CBD Belapur East,Bangalore
Central Market Lajpat Nagar II,Bangalore
Central Ridge Reserve Forest,Bangalore
Central Secretariat,Bangalore
Century Bazaar,Bangalore
CG Road,Bangalore
Chaitanya Enclave,Bangalore
Chaitanyapuri Colony,Bangalore
Chakala,Bangalore
Chakala MIDC,Bangalore
Chakan,Bangalore
Challaghatta,Bangalore
Chaloda,Bangalore
Champapet,Bangalore
Chamrajpet,Bangalore
Chanakya Puri,Bangalore
Chanakyapuri,Bangalore
Chanakyapuri,Bangalore
Chanchalguda,Bangalore
Chand Nagar,Bangalore
Chandan Hola,Bangalore
Chandan Nagar,Bangalore
Chandanagar,Bangalore
Chandanagar Vill,Bangalore
Chandani Chowk,Bangalore
Chandannagar,Bangalore
Chandapura,Bangalore
Chandavarkar Road,Bangalore
Chandivali,Bangalore
Chandkhed,Bangalore
Chandkheda,Bangalore
Chandlodia,Bangalore
Chandlodiya,Bangalore
Chandlodiya Road,Bangalore
Chandni Chowk,Bangalore
Chandra Layout,Bangalore
Chandra Layout Extension,Bangalore
Chandrabai Nagar,Bangalore
chandrayangutta,Bangalore
Changodar,Bangalore
Channasandra,Bangalore
Chansandra,Bangalore
Charholi Budruk,Bangalore
Charkop,Bangalore
Charkop Gaon,Bangalore
Charkop Sector 8,Bangalore
Chattarpur,Bangalore
Chattarpur Enclave,Bangalore
Chattarpur Enclave Phase 2,Bangalore
Chedda Nagar,Bangalore
Cheemasandra,Bangalore
Chekhla,Bangalore
Chelekare,Bangalore
Chellikere,Bangalore
Chembarambakkam,Bangalore
Chembur,Bangalore
Chembur East,Bangalore
Chembur Shell Colony,Bangalore
Chembur West,Bangalore
Chengalpattu,Bangalore
Chengicherla,Bangalore
Chenna Reddy Nagar,Bangalore
Chennammana Kere,Bangalore
Cherlapalli,Bangalore
Chetla,Bangalore
Chetpet,Bangalore
Chettipunniyam,Bangalore
Chettipunyam,Bangalore
Chhajjupur,Bangalore
Chharodi,Bangalore
Chharodi Ahmedabad West,Bangalore
Chhatrapati Sambhaji Nagar,Bangalore
Chhattarpur Enclave Phase1,Bangalore
Chhawla,Bangalore
Chickpete,Bangalore
Chikan Ghar,Bangalore
Chikballapur,Bangalore
Chikbanavara,Bangalore
Chikhali,Bangalore
Chikhali Sector 16,Bangalore
Chikka Banaswadi Banasawadi,Bangalore
Chikkabana Halli,Bangalore
Chikkabasavanapura,Bangalore
Chikkabettahalli,Bangalore
Chikkabidarakallu,Bangalore
Chikkagubbi on Hennur Main Road,Bangalore
Chikkajala,Bangalore
Chikkalasandra,Bangalore
Chikkanagamangala Road,Bangalore
Chikkanayakanahalli at Off Sarjapur,Bangalore
Chikkarayapuram,Bangalore
Chikkathogur Main Rd,Bangalore
chikuwadi,Bangalore
Chilla Sarda Bangar Chilla Sarda Bangar Village,Bangalore
Chinana Layout Guddadahalli,Bangalore
Chinar Park,Bangalore
Chinar park Rajharhat,Bangalore
Chincholi Bunder,Bangalore
Chinchpokli,Bangalore
Chinchwad,Bangalore
Chinchwad Gaon,Bangalore
Chingrighata,Bangalore
Chingrighata Flyover,Bangalore
Chinnapanahalli,Bangalore
Chinnapanna Halli,Bangalore
Chintadripet,Bangalore
Chintalakunta,Bangalore
Chintalmet,Bangalore
chintamani park,Bangalore
Chinthal,Bangalore
Chinthal Basthi,Bangalore
Chinthal Quthbullapur,Bangalore
Chirag Dilli,Bangalore
Chitlapakkam,Bangalore
Chitpur,Bangalore
Chitrapuri Colony,Bangalore
Chittaranjan Park,Bangalore
Chkravarti Para,Bangalore
Chokkanahalli,Bangalore
chokkanahalli Main Road,Bangalore
Cholambedu,Bangalore
Cholavaram,Bangalore
Cholur Palya,Bangalore
Choodasandra,Bangalore
Choodasandra Road,Bangalore
Choolai,Bangalore
Choolaima Nagar,Bangalore
Choolaimedu,Bangalore
Chotto Chandpur,Bangalore
Chromepet,Bangalore
Chunabhatti,Bangalore
Chunabhatti East,Bangalore
Chunavati,Bangalore
Churchgate,Bangalore
CIT Nagar,Bangalore
City Center,Bangalore
City Centre 1,Bangalore
Civil Lines,Bangalore
Ckikkakammana Halli,Bangalore
Classic Paradise Layout,Bangalore
Club Road Flyover,Bangalore
Colaba,Bangalore
Coles Road,Bangalore
Collectors Colony Chembur,Bangalore
College Square,Bangalore
Colonelganj,Bangalore
Connaught Place,Bangalore
Convent Road,Bangalore
Cooke Town,Bangalore
Coonoor,Bangalore
Cottonpet,Bangalore
Cox Town,Bangalore
CP Block Road,Bangalore
CR Park Main Road,Bangalore
Cuddalore,Bangalore
Cuffe Parade,Bangalore
Cumballa Hill,Bangalore
Cunningham Road,Bangalore
Curry Road Bridge,Bangalore
Cusrow Baug Colony,Bangalore
Customs Colony,Bangalore
CV Raman Nagar,Bangalore
CV Raman Nagar Kaggadasapura,Bangalore
Czech Colony Hyderabad,Bangalore
D Group Layout,Bangalore
D N Ngr,Bangalore
D1C Block Lajwanti Garden,Bangalore
Dabeerpura,Bangalore
Dabri,Bangalore
Dadachi Wasti,Bangalore
dadar,Bangalore
Dadar East,Bangalore
Dadar West,Bangalore
Dahanukar Colony,Bangalore
Daheli Sujanpur,Bangalore
Dahisar,Bangalore
Dahisar East,Bangalore
Dahisar Navi mumbai,Bangalore
Dahisar West,Bangalore
Daighar Gaon,Bangalore
Dakshindari,Bangalore
Dakshineswar,Bangalore
Dammaiguda,Bangalore
Dange Chowk,Bangalore
Dani Limda,Bangalore
Dankuni,Bangalore
Dapodi,Bangalore
Dargajogihalli,Bangalore
Dasanapura,Bangalore
Dasarahalli,Bangalore
Dasarahalli on Tumkur Road,Bangalore
Dasarahalli Road,Bangalore
Dash Drone,Bangalore
Dashrath Nagar Bhekrai Nagar,Bangalore
Dasnagar,Bangalore
Dattanagar,Bangalore
Dattani Park Thakur Village,Bangalore
Dattavadi,Bangalore
Dattwadi,Bangalore
Daund,Bangalore
Dayanand Colony,Bangalore
Dayanand Vihar,Bangalore
DDA Flats Kalkaji,Bangalore
Deccan Gymkhana,Bangalore
Deen Dayal Nagar,Bangalore
Deenpur,Bangalore
Deepanjali Nagar,Bangalore
Deepthi Nagar Bangalore,Bangalore
Deepthisri Nagar,Bangalore
Defence Colony,Bangalore
Defence Colony,Bangalore
Defence Colony Shakara Nagar,Bangalore
Dehu,Bangalore
Dehu Phata,Bangalore
Dehu Road Cantonment,Bangalore
Delhi,Bangalore
Delhi Cantonment,Bangalore
Delhi Gymkhana Club,Bangalore
Delhi Meerut Expressway,Bangalore
Delhi Metropolitan Area Bhawani Kunj,Bangalore
Deluxe Colony,Bangalore
Deoli Khanpur,Bangalore
Deonar,Bangalore
Deonar Road,Bangalore
Deonar Village Road,Bangalore
Dera Mandi,Bangalore
Desale Pada,Bangalore
deshbandhu nagar,Bangalore
Deshmukhwadi,Bangalore
Dev Nagar,Bangalore
Devanahalli,Bangalore
Devara Jeevanahalli,Bangalore
Devarachikkana Halli,Bangalore
Devarachikkanahalli,Bangalore
Devatabowli,Bangalore
Devendra Nagar,Bangalore
Devidas Cross Lane,Bangalore
Devidas Rd,Bangalore
Devinagar,Bangalore
Devli Nai Basti,Bangalore
Dhadka,Bangalore
Dhakuria,Bangalore
Dhakuria Station Road,Bangalore
Dhamalwadi Bhekrai Nagar,Bangalore
Dhanakwadi,Bangalore
Dhanalakshmi Layout,Bangalore
Dhanalakshmi Nagar,Bangalore
Dhankawadi,Bangalore
Dhankawadi Police Station Road,Bangalore
Dhankawadi Road,Bangalore
Dhanori,Bangalore
Dhanukar Colony,Bangalore
dhanukarwadi,Bangalore
Dhapa,Bangalore
Dharam Karam Road Ameerpet,Bangalore
Dharampur,Bangalore
Dharamveer Nagar,Bangalore
Dharavi,Bangalore
Dharmapuri,Bangalore
Dhayari,Bangalore
Dhayari Phata,Bangalore
Dhaygude Wada,Bangalore
Dhobhi Ali Charai,Bangalore
Dhokali,Bangalore
Dhokali Naka,Bangalore
Dhole Patil Road,Bangalore
Diamond Park,Bangalore
Dichaon Kalan,Bangalore
Digambar Nagar,Bangalore
Digberia,Bangalore
Dighe,Bangalore
Dighi,Bangalore
Dilshad Colony,Bangalore
Dilshad Garden,Bangalore
Dilsukh Nagar,Bangalore
dindoshi,Bangalore
Diplomatic Enclave,Bangalore
Diva,Bangalore
Diva Gaon,Bangalore
Diva Gaothan,Bangalore
DLF City Phase 1,Bangalore
DLF Farms,Bangalore
DLF Phase 5,Bangalore
DN Nagar Road,Bangalore
DNNagar,Bangalore
Dodda Banaswadi,Bangalore
Dodda Banaswadi Main Road,Bangalore
Doddaballapur,Bangalore
Doddaballapura,Bangalore
Doddabidrakallu,Bangalore
Doddabommasandra,Bangalore
Doddakammanahalli,Bangalore
Doddakannalli,Bangalore
Doddakannelli,Bangalore
Doddanekundi,Bangalore
Doddathoguru,Bangalore
Dollars Colony,Bangalore
Dollars Colony Ashwath Nagar,Bangalore
Domalguda,Bangalore
Dombivali,Bangalore
Dombivali East,Bangalore
Dombivli (West),Bangalore
dombivli west,Bangalore
Domlur,Bangalore
Domlur II Stage,Bangalore
Domlur Layout,Bangalore
Dommasandra Village,Bangalore
Dommsandra,Bangalore
Dooravani Nagar,Bangalore
Double Storey New Rajinder Nagar,Bangalore
DP Road,Bangalore
Dr Mukherjee Nagar West Bhai Parmanand Colony,Bangalore
Dr Mukherji Nagar,Bangalore
Drive In Cinema Road,Bangalore
Drive in Rd,Bangalore
Dronagiri,Bangalore
Duggal Colony,Bangalore
Duillya,Bangalore
Dum Dum,Bangalore
Dum Dum Cantonment,Bangalore
Dum Dum Metro,Bangalore
Dum Dum Park,Bangalore
Dum Dum Road,Bangalore
Dummingkuppam,Bangalore
Dundigal,Bangalore
Dunlop,Bangalore
Durganagar,Bangalore
Dwarakapuri,Bangalore
Dwarka 12 Sector,Bangalore
Dwarka Mor,Bangalore
Dwarka More,Bangalore
Dwarka Nagar,Bangalore
Dwarka New Delhi 110075,Bangalore
DWARKA SEC 23,Bangalore
Dwarka sec 6,Bangalore
Dwarka Sec6 Market,Bangalore
dwarka sector 12,Bangalore
Dwarka Sector 15,Bangalore
dwarka sector 17,Bangalore
dwarka sector 19,Bangalore
dwarka sector 3,Bangalore
Dwarka Sector 7,Bangalore
E M Bypass,Bangalore
East Anand Bagh,Bangalore
East Coast Road Injambakkam,Bangalore
East Coast Road Kottivakkam,Bangalore
East Coast Road Panaiyur,Bangalore
east delhi,Bangalore
East End A Main Road,Bangalore
East Guru Angad Nagar,Bangalore
East Kidwai Nagar,Bangalore
East Kolkata Township,Bangalore
East Marredpally,Bangalore
East of Kailash,Bangalore
East of Kailash C Block,Bangalore
East of NGEF Layout,Bangalore
East Patel Nagar,Bangalore
East Tambaram,Bangalore
East Topsia,Bangalore
Eastend Park Kalikapur,Bangalore
Eastern Express Highway Vikhroli,Bangalore
Eden Gardens,Bangalore
Edi Bazaar,Bangalore
Egatoor,Bangalore
Egmore,Bangalore
Ejipura,Bangalore
Ekarajapura,Bangalore
Ekdalia,Bangalore
Ekkatuthangal,Bangalore
Eklavya Colony,Bangalore
Eksar Rd,Bangalore
eksar road,Bangalore
Eksar Village,Bangalore
Ekta Nagar,Bangalore
Electronic City Flyover,Bangalore
Electronic City Phase 1,Bangalore
Electronic City Phase 2,Bangalore
Electronic City Phase II,Bangalore
Electronics City,Bangalore
Electronics City Phase 1 Doddathoguru,Bangalore
Elgin,Bangalore
Elgin Road,Bangalore
Elite 27,Bangalore
Elliot Road,Bangalore
Ellisbridge,Bangalore
Elphinstone Road,Bangalore
EM Bypass South East,Bangalore
Empire Estate Phase 1,Bangalore
Engineer Enclave,Bangalore
Ennaikaran,Bangalore
ennore,Bangalore
Entally,Bangalore
EON Free Zone,Bangalore
EPIP Zone,Bangalore
Erandwane,Bangalore
Eranjad,Bangalore
Erragadda,Bangalore
Evershine City,Bangalore
Evershine Nagar,Bangalore
Excise Layout,Bangalore
F Block Lajpat Nagar I,Bangalore
Falaknuma,Bangalore
Fateh Nagar,Bangalore
Fatehpur Beri,Bangalore
Fatima Nagar,Bangalore
FC Block Sector III,Bangalore
Ferozguda,Bangalore
film city road goregaon east,Bangalore
financial District,Bangalore
Forjett Hill Road,Bangalore
Fort,Bangalore
Four Bungalows,Bangalore
Four Bunglows,Bangalore
Francis Colony,Bangalore
Frazer Town,Chennai
Freedom Fighter Enclave,Chennai
Freedom Fighters Enclave,Chennai
Friends Colony,Chennai
Friends Colony,Chennai
Friends Colony Hyderabad,Chennai
Friends Nagar,Chennai
Fursungi,Chennai
G B Road,Chennai
Gachibowli,Chennai
Gachibowli Miyapur Road,Chennai
Gadaipur Bandh Road,Chennai
Gaddi Annaram,Chennai
Gagan Vihar,Chennai
Gahunje,Chennai
Gajilaramavaram,Chennai
Gajularamaram,Chennai
Gajulramaram Kukatpally,Chennai
Galaxy,Chennai
Gamdevi,Chennai
Gananjay Society,Chennai
Gananjay Society Chaitanya Nagar,Chennai
Ganapathipura,Chennai
Gandhi Bazar,Chennai
Gandhi Nagar,Chennai
Gandhi Nagar,Chennai
Gandhinagar,Chennai
Gandi Maisamma,Chennai
Gandipet,Chennai
Ganesh Nagar,Chennai
Ganesh Nagar,Chennai
Ganesh Peth,Chennai
Ganga Nagar,Chennai
Ganganagar,Chennai
Gangondanahalli,Chennai
Ganguly Bagan,Chennai
Ganigarahalli,Chennai
Ganj Peth,Chennai
Garden Reach,Chennai
Garfa,Chennai
Garhi,Chennai
Garia,Chennai
GARIA STATION ROAD,Chennai
Gariahat,Chennai
Garmal,Chennai
Garudachar Palya,Chennai
Garudachar Palya Mahadevapura,Chennai
Garudacharpalya,Chennai
Gatkeshwar,Chennai
gattahalli,Chennai
Gauranganagar,Chennai
Gauripada,Chennai
Gautam Nagar,Chennai
Gayatri Nagar Borabanda,Chennai
Gazipur,Chennai
GB Palya,Chennai
Geddalahalli,Chennai
Geeta Colony,Chennai
Geetanjali Enclave,Chennai
Gem Nagar,Chennai
George Town,Chennai
Gerugambakkam,Chennai
Ghansoli,Chennai
Ghansoli Gaon,Chennai
Gharoli,Chennai
Gharoli Dairy Farm,Chennai
Ghatkesar,Chennai
Ghatkopar East,Chennai
Ghatkopar West,Chennai
Ghatla,Chennai
Ghatlodia,Chennai
Ghatlodia Road,Chennai
Ghatlodiya,Chennai
Ghevra,Chennai
Ghitorni,Chennai
Ghoda Camp Road,Chennai
Ghodbander,Chennai
Ghodbunder Road,Chennai
Ghodbunder thane west,Chennai
Ghodsar,Chennai
Ghorapdi,Chennai
Ghorpadi,Chennai
Ghosh Para,Chennai
Ghule Vasti,Chennai
Ghuma,Chennai
Ghuma Bopal Road,Chennai
Girgaon,Chennai
Giri Nagar,Chennai
Giridhar Nagar,Chennai
Glass Factory Layout,Chennai
Gnana bharathi,Chennai
Godhavi,Chennai
Godrej Hill,Chennai
Godrej Woodsman Estate,Chennai
Gokalpur,Chennai
Gokhale Road South,Chennai
Gokhalenagar,Chennai
gokuldham,Chennai
Golconda Fort,Chennai
Golconda Qila,Chennai
Gold Valley,Chennai
Golden Heights Road,Chennai
Golf Green,Chennai
Golf Links,Chennai
Gollahalli Electronic City Road,Chennai
Golpark,Chennai
Gopal Reddy Nagar,Chennai
Gopalapuram,Chennai
Gopalkrishna Nagar,Chennai
Gopalnagar Society,Chennai
Gopanapalli,Chennai
Gopanpally,Chennai
Gorai,Chennai
Gorai 1,Chennai
Goregaon,Chennai
Goregaon East,Chennai
Goregaon West,Chennai
Gota,Chennai
gota SG higway,Chennai
GotaOgnaj Road,Chennai
Gottigere,Chennai
Gouri Shankar Nagar Colony,Chennai
Govandi,Chennai
Govandi East,Chennai
Govindpura,Chennai
Govindpuri,Chennai
Govindpuri Extension,Chennai
Gowdavalli,Chennai
Gowlidody,Chennai
Gowlipura,Chennai
Gowrivakkam,Chennai
Goyla Khurd,Chennai
Grant Road,Chennai
Greater Kailash,Chennai
Greater kailash 1,Chennai
greater kailash Enclave 1,Chennai
Greater kailash enclave II,Chennai
Greater Kailash II,Chennai
Greater kailash III,Chennai
Greater Kailash N Block,Chennai
Greater Khanda,Chennai
Green Hills Road,Chennai
Green Park,Chennai
Green Park Extension,Chennai
Green Park Extension Road,Chennai
Green park Extn,Chennai
Green Park Main,Chennai
Green Woods Layout,Chennai
Green World,Chennai
GTB Enclave,Chennai
GTB Nagar,Chennai
GTB Nager,Chennai
gubbalala,Chennai
Guddadahalli,Chennai
Gudighattanahalli,Chennai
Gudimalkapur,Chennai
Guduvancheri,Chennai
Guduvancherry,Chennai
Guindy,Chennai
Gujranwala Town,Chennai
Gujrat Colony,Chennai
Gulab Nagar Pune,Chennai
Gulabi Bagh,Chennai
Gulbai Tekra,Chennai
Gulmohar Cross Road Number 6,Chennai
Gulmohar park,Chennai
Gulmohar Road,Chennai
Gultekdi,Chennai
Gummudipoondi,Chennai
Gundlapochampalli,Chennai
Guniagrahara,Chennai
Gunjur,Chennai
Gunjur Palaya,Chennai
Gunjur Palya road,Chennai
Gunrock Enclave,Chennai
Gupta Colony,Chennai
Gupta Enclave,Chennai
Gurgaon Delhi Expressway,Chennai
Gurram Guda,Chennai
Guru Angad Nagar,Chennai
Guru Ram Das Nagar,Chennai
Gurudwara Road,Chennai
Gurukul,Chennai
Gurukul Road,Chennai
Gururaj Society,Chennai
Gurusaday Road,Chennai
Guruwar Peth,Chennai
Guttahalli,Chennai
Habsiguda,Chennai
Hadapsar,Chennai
Hadapsar Gaon,Chennai
Hafeezpet,Chennai
Hafiz Baba Nagar,Chennai
Hakimpet,Chennai
Hakimpet Hyderabad Karimnagar Highway,Chennai
HAL,Chennai
Halanayakanahalli,Chennai
Halasuru,Chennai
Halisahar,Chennai
Halisahar Station Road,Chennai
Haltu,Chennai
Hampapura,Chennai
Hanamkonda,Chennai
Hanapara,Chennai
Handewadi,Chennai
Handewadi Road,Chennai
Hansol,Chennai
Hanuman Nagar,Chennai
Hanuman Nagar,Chennai
Hanuman Nagar,Chennai
hanuman nagar off akurli road near western express highway kandivali west,Chennai
Hanumanthanagar Bangalore,Chennai
Happy Colony,Chennai
Happy Homes Colony,Chennai
Happy Valley Layout,Chennai
Haralur Roadd,Chennai
Haranwali,Chennai
Hargobind Enclave,Chennai
Hari Enclave,Chennai
Hari Nagar,Chennai
Hari Nagar Ashram,Chennai
Haridebpur,Chennai
Harinavi,Chennai
Hariyali,Chennai
Harlur,Chennai
Harlur Main Road,Chennai
Harlur Road,Chennai
Harohalli,Chennai
Hasmathpet,Chennai
Hastinapuram,Chennai
Hastinapuram,Chennai
Hastings,Chennai
Hastsal,Chennai
Hathijan,Chennai
Hatkeshwar,Chennai
Hauz Khas,Chennai
Hauz Khas Enclave,Chennai
Hayathnagar,Chennai
Hazra,Chennai
HBR Layout,Chennai
HBR layout 5th Block,Chennai
Hebatpur,Chennai
Hebbal,Chennai
hebbal kempapura,Chennai
Hedua,Chennai
Hegde Nagar,Chennai
Hegganahalli,Chennai
Hegondanahalli,Chennai
Hemkunt Colony,Chennai
Hemmigepura,Chennai
Hendre Pada,Chennai
Hennur,Chennai
Hennur Main Road,Chennai
Hennur Rd,Chennai
Hennur Road,Chennai
Hennuru,Chennai
Herohalli,Chennai
Hesaraghatta,Chennai
Highland Park,Chennai
Hilalige Road,Chennai
Hill Road,Chennai
Himayat Nagar,Chennai
Hindustan Park,Chennai
Hingne Budrukh,Chennai
hingne Khurd,Chennai
Hinjewadi,Chennai
Hinjewadi Phase 1,Chennai
Hirabaug Railway Crossing Road,Chennai
hiranandani estate,Chennai
Hiranandani Estates,Chennai
Hiranandani Gardens Powai,Chennai
hiranandani meadows,Chennai
Hiranandani Meadows,Chennai
Hitech City,Chennai
Hitex,Chennai
HMT Swarnapuri Colony Hyderabad,Chennai
Honasandra,Chennai
hongasandra bangalore,Chennai
Hoodi,Chennai
Hoodi Main Road,Chennai
Hooghly Chinsurah,Chennai
Horamavu,Chennai
Hosa Road,Chennai
Hosa Road Junction,Chennai
hosa road junction electronics city,Chennai
Hosahalli,Chennai
Hosakerehalli,Chennai
Hosapalaya Garvebhavi Palya,Chennai
Hosapalaya Main Road,Chennai
Hoskote,Chennai
Hosur,Chennai
Howrah,Chennai
Howrah Maidan,Chennai
Howrah Railway Station,Chennai
HRBR 1 Block,Chennai
HRBR Layout,Chennai
Hridaypur,Chennai
HS Darga Hyderabad,Chennai
HSR Layout,Chennai
HSR layout,Chennai
HSR LAYOUT 2ND SECTOR,Chennai
HSR Layout 2nd sector Banglor,Chennai
HSR Layout Silk Board,Chennai
Huda Colony,Chennai
Hulimangala,Chennai
Hulimangala Road,Chennai
Hulimavu,Chennai
Hullahalli,Chennai
Humayunagar,Chennai
Hunasamaranahalli,Chennai
hunnur,Chennai
Hurulichikanahalli,Chennai
Huskur,Chennai
Hussaini Alam,Chennai
Hussainpur,Chennai
Hutchins Road,Chennai
Hyder Nagar,Chennai
Hyderabad Shah Guda,Chennai
Hyderguda,Chennai
i p extension patparganj,Chennai
Ibrahimpur,Chennai
IC Colony Cross Road Number 6,Chennai
IC Colony Ext,Chennai
Ichapur,Chennai
Ichhapur Defence Estate,Chennai
Ichlabad,Chennai
Ideal Colony,Chennai
Iggalur,Chennai
IGNOU Road,Chennai
IIT Colony Pallikaranai,Chennai
IIT POWAI,Chennai
Immadihalli Main Road,Chennai
Immadihalli Whitefield,Chennai
Inderpuri,Chennai
India Colony,Chennai
India Gate,Chennai
Indian Institute Of Engineering Science And Technology,Chennai
Indira Nagar,Chennai
Indira Nagar,Chennai
Indira Nagar 1st Stage,Chennai
Indiranagar,Chennai
Indiranagar Defence Colony,Chennai
Indra Enclave,Chennai
Indramma Nagar,Chennai
Indrayani Nagar,Chennai
Indrayani Nagar Sector 2,Chennai
Indryani nagar,Chennai
Injambakkam,Chennai
Insralok Phase 7,Chennai
IP Extension,Chennai
Iron Side Road,Chennai
Irugur,Chennai
Irumbuliyur,Chennai
Isanpur,Chennai
ISB Ring Road,Chennai
ISCON Cross Road,Chennai
Ismailpur,Chennai
Isnapur,Chennai
ISRO Layout,Chennai
ITI Layout Main Road,Chennai
ITI road,Chennai
ITPL,Chennai
Ittamadu,Chennai
Ittamadu Banashankari,Chennai
Iyappanthangal,Chennai
Iyyapa Nagar,Chennai
Iyyappanthangal,Chennai
J 18 TP 44 chandkheda,Chennai
J B Nagar,Chennai
J Nagar,Chennai
J u h u Versova Link Road,Chennai
J. P. Nagar,Chennai
Jacob Circle,Chennai
Jadavpur,Chennai
Jadavpur Central Road,Chennai
Jadubabur Bazar,Chennai
Jaffarpur Panchanantala,Chennai
Jafferkhanpet,Chennai
Jagacha,Chennai
Jagadgiri Gutta,Chennai
Jagadishpur,Chennai
Jagat Ram Park,Chennai
Jagatdal,Chennai
Jagathy,Chennai
Jagatpur,Chennai
Jagdishnagar,Chennai
Jagruthi Colony Raghavendra Colony,Chennai
Jahangirpuri,Chennai
Jai Bharat Nagar,Chennai
Jai Nagar,Chennai
Jai Suryapatnam,Chennai
Jail Road,Chennai
Jain Road,Chennai
Jaitpur,Chennai
Jakkasandra,Chennai
Jakkasandra Extension,Chennai
Jakkasandra Kormangala,Chennai
Jakkur,Chennai
Jakkuru Layout,Chennai
Jalahalli,Chennai
Jalahalli East,Delhi
Jalahalli West,Delhi
Jalapalli,Delhi
Jalladian Pet,Delhi
Jalladianpettai,Delhi
Jam Bagh,Delhi
Jamalia,Delhi
Jambhe,Delhi
Jambhul,Delhi
Jambhulwadi,Delhi
Jambhulwadi Road,Delhi
Jambli Galli,Delhi
James Long Sarani Behala,Delhi
Jamia Nagar,Delhi
Janachaitanya Colony,Delhi
Janakpuri,Delhi
Jangali Maharaj Road,Delhi
Jangpura,Delhi
Jangpura A,Delhi
jangpura bhogal,Delhi
Jangpura Extension,Delhi
Jankalyan Malad West,Delhi
Jankalyan Nagar,Delhi
Jashoda Nagar,Delhi
Jasola,Delhi
Jasola Vihar Sector 8 Road,Delhi
Jaunapur,Delhi
Jawahar Nagar,Delhi
Jawahar Nagar,Delhi
Jawahar nagar,Delhi
Jawahar Park,Delhi
Jawalkar Nagar,Delhi
Jay Raj Nagar Road,Delhi
Jaya Chamarajendra Nagar,Delhi
Jaya Nagar,Delhi
Jayamahal,Delhi
Jayanagar,Delhi
JAYANAGAR 2ND BLOCK,Delhi
Jayanagar 3rd Block East,Delhi
Jayanagar 4th T Block East,Delhi
Jayanagar Colony,Delhi
Jayanagar LIC Colony,Delhi
Jayanagar New Bowenpally,Delhi
Jayanagara 2nd Block,Delhi
Jaywant Sawant Road,Delhi
JB Nagar Tarun Bharat,Delhi
JC Layout,Delhi
JCR Layout,Delhi
Jedara Halli,Delhi
Jeedimetla,Delhi
Jeevan Bima Nagar,Delhi
Jessore Road,Delhi
Jeth Nagar,Delhi
Jharoda Majra Burari,Delhi
Jhil Mil Colony,Delhi
Jigala,Delhi
Jigani,Delhi
Jijamata Colony,Delhi
Jillelguda,Delhi
Jitar Nagar,Delhi
Jivraj Park,Delhi
Jnana Ganga Nagar,Delhi
Jodhpur,Delhi
Jodhpur Cross Road,Delhi
Jodhpur Gardens,Delhi
Jodhpur Park,Delhi
Jodhpur Village,Delhi
Jogeshwari East,Delhi
Jogeshwari Vikhroli Link Road,Delhi
Jogeshwari West,Delhi
Jogupalya,Delhi
John Avenue Private Road,Delhi
Joka,Delhi
Jor bagh,Delhi
Jorabagan,Delhi
Jorasanko,Delhi
Joseph Patel Wadi,Delhi
JP Nagar,Delhi
JP Nagar Phase 1,Delhi
JP Nagar Phase 2,Delhi
JP Nagar Phase 4,Delhi
JP Nagar Phase 5,Delhi
JP Nagar Phase 6,Delhi
JP Nagar Phase 7,Delhi
JP Nagar Phase 8,Delhi
JP Nagar Phase 9,Delhi
Jp road,Delhi
Jubilee Hills,Delhi
Jubille Hills Road,Delhi
Judges Bungalow Cross Road,Delhi
judicial layout,Delhi
Juhapura,Delhi
Juhu,Delhi
Juhu Koliwada,Delhi
juhu lane,Delhi
Juhu Scheme,Delhi
juhu tara,Delhi
Juhu Tara Rd,Delhi
Juhu Tara Road,Delhi
juhu versova link road,Delhi
Juinagar,Delhi
Junior College Road,Delhi
Junnar,Delhi
Junnasandra,Delhi
jvlr andheri east,Delhi
jvpd scheme,Delhi
Jyoti Nagar,Delhi
Jyotipuram,Delhi
K C Krishna Reddy Layout,Delhi
K Channasandra,Delhi
K Channasandra Main Road,Delhi
K K Nagar,Delhi
K P H B 9 Phase,Delhi
K.G Govindapura,Delhi
K.Settihalli,Delhi
Kabardanga,Delhi
Kabool Nagar,Delhi
Kacharakanahalli,Delhi
Kacharakanahalli Hennur Main Road,Delhi
Kachiguda,Delhi
Kada Agrahara,Delhi
Kadaagrahara,Delhi
Kadabagere,Delhi
Kadam Tala,Delhi
Kadam Wadi,Delhi
Kadirenahalli,Delhi
Kadubeesanahalli,Delhi
Kadugodi,Delhi
Kadugodi Industrial Area,Delhi
Kadugondanahalli,Delhi
Kaggadasapura,Delhi
kaggadaspura,Delhi
Kaggalipura,Delhi
Kaikhali,Delhi
Kaikondrahalli,Delhi
Kailash Colony,Delhi
Kailash Colony,Delhi
Kailash Enclave Harsh Vihar,Delhi
Kailash hills,Delhi
Kailash Nagar,Delhi
Kailash Puri,Delhi
Kakartale,Delhi
Kalamboli,Delhi
Kalasipalya,Delhi
Kalbadevi,Delhi
Kale Padal,Delhi
Kalewadi,Delhi
Kalewadi Pandhapur Road,Delhi
Kalewadi Phata PimpriChinchwad,Delhi
Kalher,Delhi
Kalher Bhiwandi Road,Delhi
Kalidasa Layout,Delhi
Kalighat,Delhi
Kalikapur,Delhi
kalikapura,Delhi
Kalikunram,Delhi
Kalina,Delhi
Kalina Shastri Nagar,Delhi
Kalipathur,Delhi
Kalkaji,Delhi
Kalkaji Extension,Delhi
Kalkaji Main,Delhi
Kalkere,Delhi
kalkere Bannerghatta Road,Delhi
Kalkere Main Road,Delhi
KalkereAgara Main Road,Delhi
Kallikuppam East Balaji Nagar,Delhi
Kalu Nagar,Delhi
Kalupur,Delhi
Kalwa,Delhi
Kalwad,Delhi
Kalyan,Delhi
Kalyan East,Delhi
Kalyan Nagar,Delhi
Kalyan Puri,Delhi
Kalyan Shilphata Road,Delhi
Kalyan Vihar,Delhi
Kalyan West,Delhi
Kalyani,Delhi
Kalyani Nagar,Delhi
Kalyani Nagar Annexe,Delhi
Kamakoti Nagar,Delhi
kamakshipalya,Delhi
Kamala Nagar,Delhi
Kamalaprasad Nagar,Delhi
Kamalgazi,Delhi
Kamaraj Nagar,Delhi
Kamarajapuram,Delhi
Kamardanga,Delhi
Kamarhati on BT Road,Delhi
Kamathipura,Delhi
Kambar Nagar Kolathur,Delhi
Kambipura,Delhi
Kamdahari,Delhi
Kamla Nagar,Delhi
Kammanahalli,Delhi
Kammasandra,Delhi
Kammmanhalli,Delhi
Kamothe,Delhi
Kamruddin Nagar,Delhi
Kamshet,Delhi
Kanajiguda,Delhi
Kanaka Layout,Delhi
Kanaka Nagar Main Road,Delhi
Kanakanagar,Delhi
Kanakapura,Delhi
Kanakapura Road Beyond Nice Ring Road,Delhi
kanakpura,Delhi
Kanathur Reddikuppam,Delhi
Kanchan Bagh,Delhi
Kanchipuram,Delhi
Kanchrapara Loco,Delhi
Kandanchavadi,Delhi
Kandigai,Delhi
Kandivali East,Delhi
Kandivali West,Delhi
Kandivali West Charkop,Delhi
kandivali west charkop sector 5,Delhi
Kanhe,Delhi
Kanjirampara,Delhi
Kanjur Marg West,Delhi
Kanjurmarg,Delhi
Kanjurmarg East,Delhi
Kanjurmarg East Nehru Nagar,Delhi
kanjurmarg west,Delhi
Kankaria,Delhi
Kankurgachi,Delhi
Kankurgachi Main Road,Delhi
Kanmanike,Delhi
Kannamangala,Delhi
Kannamangala New Airport Road,Delhi
Kannathur Reddy Kuppam,Delhi
Kannur,Delhi
Kannur on Thanisandra Main Road,Delhi
Kapashera,Delhi
Kapil Vihar,Delhi
Kapra,Delhi
Kapurbawadi,Delhi
Karal,Delhi
Karala,Delhi
Karampura,Delhi
Karanjade,Delhi
karanjade panvel,Delhi
Karapakkam,Delhi
Karappakam,Delhi
Karawal Nagar,Delhi
Karayanchavadi,Delhi
Karegaon,Delhi
Karjat,Delhi
Karkhana,Delhi
Karmanghat,Delhi
Karol Bagh,Delhi
Karthik Nagar,Delhi
Kartik Enclave New Bowenpally,Delhi
Kartik Nagar,Delhi
Karumariamman Road,Delhi
Karve Nagar,Delhi
Karve Road Erandwane,Delhi
Karve Road Kothrud,Delhi
Karwan,Delhi
KAS Officers Colony,Delhi
Kasar vadavali,Delhi
kasaradavali thane west,Delhi
Kasarwadi,Delhi
Kasavanahalli,Delhi
Kasavanhalli,Delhi
Kasba,Delhi
Kasba Peth,Delhi
Kasba Siemens,Delhi
Kasheli,Delhi
Kaspate Vasti,Delhi
Kaspate Vasti Road,Delhi
Kastur Park,Delhi
Kasturi Nagar,Delhi
Kasturi Nagar Road,Delhi
Katankulathur,Delhi
Katemanivali,Delhi
Kathriguppe,Delhi
Kathriguppe Banashankari 3rd Stage,Delhi
Kathwada,Delhi
Katju Nagar,Delhi
Katraj,Delhi
katraj kondhwa road,Delhi
Katrambakkam,Delhi
Katrap,Delhi
Kattankolatur R.F.,Delhi
Kattankulathur,Delhi
Kattavakkam,Delhi
Kattigenahalli,Delhi
Kattupakkam,Delhi
Katwaria Sarai,Delhi
Kausar Baugh,Delhi
Kaushambi,Delhi
Kavadiguda,Delhi
Kaval Byrasandra,Delhi
Kaval Hosahalli,Delhi
Kaverappa Layout Bangalore,Delhi
Kaveri Nagar,Delhi
Kaveri Pura,Delhi
kavesar,Delhi
Kazhipattur,Delhi
Keelkattalai,Delhi
Kelambakkam,Delhi
Kempapura Agrahara,Delhi
Kempe Gowda Nagar,Delhi
Kempegowda Nagar,Delhi
Kempegowdanagar,Delhi
Kemps Corner,Delhi
Kengeri,Delhi
Kengeri Hobli,Delhi
Kengeri Satellite Town,Delhi
Keshav Nagar,Delhi
Keshav Nagar,Delhi
Keshtopur,Delhi
kesnand,Delhi
Kestopur,Delhi
khadakpada,Delhi
Khadakwasla,Delhi
Khadki,Delhi
Khairatabad Road,Delhi
Khajaguda Nanakramguda Road,Delhi
Khajiguda,Delhi
Khajisonnanahalli,Delhi
Khalapur,Delhi
Khalisha Kota,Delhi
Khamasa,Delhi
Khandelwal Layout Extension,Delhi
Khanderavpura,Delhi
Khanpur,Delhi
Khanpur,Delhi
Khanpur Deoli,Delhi
Khanpur Krishna Park,Delhi
Khar,Delhi
Khar Danda,Delhi
Khar East,Delhi
Khar West,Delhi
Kharadi,Delhi
Kharadi bypass,Delhi
Khardah,Delhi
Kharghar,Delhi
Kharghar Sector 34C,Delhi
Kharodi,Delhi
Khemani Industry Area,Delhi
Khera Khurd,Delhi
Kherwadi,Delhi
Khidirpur,Delhi
Khirki Extension,Delhi
Khirki Extension Panchsheel Vihar,Delhi
KHIRKI VILLAGE,Delhi
Khizra Enclave,Delhi
Khodiar Nagar,Delhi
Khodiyar,Delhi
Khokhra,Delhi
Khokhra Circle,Delhi
Khopoli,Delhi
Khushi Ram Park Delhi,Delhi
Kil Ayanambakkam,Delhi
Kilkattalai,Delhi
Kilpauk,Delhi
Kiran Park Road,Delhi
Kirari Suleman Nagar,Delhi
Kirkatwadi,Delhi
Kirti Nagar,Delhi
Kishan Ganj,Delhi
Kishangarh Gaushala Marg,Delhi
Kishangarh Mehrauli Road,Delhi
Kishangarh Village New Delhi,Delhi
Kismatpur,Delhi
Kismatpur Road,Delhi
Kistamma Enclave,Delhi
Kistareddypet,Delhi
Kithaganur Colony,Delhi
Kitthaganahalli,Delhi
Kiwale,Delhi
KK Nagar,Delhi
KNSS colony,Delhi
Kodambakkam,Delhi
Kodambakkam Chennai West,Delhi
Kodathi,Delhi
Kodathi Village Road,Delhi
Kodichikkanahalli,Delhi
Kodichikkenahalli,Delhi
Kodigehalli,Delhi
Kodigehalli Nice Ring Road,Delhi
Kodihalli,Delhi
Kodihalli on Old Airport Road,Delhi
Kodipalya,Delhi
Kodipur,Delhi
Kodiyalam Road,Delhi
Kodungaiyur,Delhi
Kodungaiyur West,Delhi
Kogilu,Delhi
Kohat Enclave,Delhi
Kokane Mala,Delhi
Kokapet,Delhi
Kolapakkam,Delhi
Kolapakkam Vandalur,Delhi
kolat,Delhi
Kolathur,Delhi
Kolathur R.F.,Delhi
Kolegaon,Delhi
Kolhewadi,Delhi
Kolkata Airport Road,Delhi
Kollur,Delhi
Kolshet Road,Delhi
Kolshet Road Thane West,Delhi
Kolte Patil,Delhi
Kolwadi,Delhi
Komatikunta,Delhi
Kommasandra,Delhi
Kompally,Delhi
Kompally Road,Delhi
Kon,Delhi
Kona Expressway,Delhi
Konadasapura,Delhi
Konanakunte,Delhi
Konappana Agrahara,Delhi
Konathi Village,Delhi
Kondakal,Delhi
Kondapur,Delhi
kondapur jankshan,Delhi
Kondapur Police Colony Road,Delhi
Kondhawe Dhawade,Delhi
Kondhwa,Delhi
Kondhwa Budruk,Delhi
Kondhwa Budrukh,Delhi
Kondhwa Khurd,Delhi
KondhwaUndriSaswad Road,Delhi
Kondivita Road,Delhi
Kondwa khurd road,Delhi
Konnagar,Delhi
Kopar Khairane Sector 19A,Delhi
Kopargaon,Delhi
kopari,Delhi
Koparkhairane Station Road,Delhi
Koper Khairane,Delhi
KOPERKHAIRANE,Delhi
Kopri Colony,Delhi
Koproli,Delhi
Koralur,Delhi
Koramangala,Delhi
Koramangala 4th Block,Delhi
Koramangala 6th Block,Delhi
Koramangala 7th Block,Delhi
koramangla 1st block,Delhi
Korattur,Delhi
Koregaon Bhima,Delhi
Koregaon Park,Delhi
Koregaon Park Annexe,Delhi
Korremula,Delhi
Korremula Road,Delhi
Koteshwar,Delhi
Koteshwar Bhat Road,Delhi
Koteshwar Road,Delhi
Kothaguda,Delhi
Kothanur,Delhi
Kothapet,Delhi
Kothrud,Delhi
Kothrud Bus Stand Road,Delhi
Kothrud Depot Road,Delhi
Koti,Delhi
Koti Hosahalli,Delhi
Kotivakkam,Delhi
Kotla Mubarakpur,Delhi
Kottavakkam,Delhi
Kottivakkam,Delhi
Kotturpuram,Delhi
Kousalya Colony Road,Delhi
Kovalam,Delhi
Kovilambakkam,Delhi
Kovilpathagai,Delhi
Kovur,Delhi
Kowkur,Delhi
Koyambedu,Delhi
KPC Layout,Delhi
KPHB,Delhi
KPHB Phase 2,Delhi
KR Puram Old Madras Road,Delhi
Kr Puram Seegehalli,Delhi
Kranti Nagar,Delhi
Krishan Vihar,Delhi
Krishna Nagar,Delhi
Krishna Nagar,Delhi
Krishna Nagar,Delhi
Krishna Nagar,Delhi
Krishna Nagar Colony,Delhi
Krishna Reddy Pet,Delhi
Krishnappa Layout,Delhi
Krishnarajapura,Delhi
KSFC Layout,Delhi
KTR Colony Hyderabad,Delhi
KTR Colony Road Number 2,Delhi
Kuber Nagar,Delhi
Kubera Nagar,Delhi
Kudasan,Delhi
Kudgat,Delhi
Kudghat Bridge,Delhi
Kudlu,Delhi
Kudlu Gate,Delhi
Kudlu Main Road,Delhi
Kuduregere Colony,Delhi
Kukatpally,Delhi
kukatpally housing board,Delhi
Kulattur,Delhi
Kuldiha,Delhi
Kumananchavadi,Delhi
Kumaraswamy Layout,Delhi
Kumaraswamy Layout I Stage,Delhi
Kumarkhali,Delhi
Kumbalgodu,Delhi
Kumbharkhan Pada,Delhi
Kunal Icon Road,Delhi
Kunchi Kurve Nagar Kalina,Delhi
Kundalahalli,Delhi
Kundalahalli Colony,Delhi
Kundalahalli Main Road,Delhi
Kundan Bagh Road,Delhi
Kundan Nagar,Delhi
Kundrathur,Delhi
Kurar Village,Delhi
Kurla,Delhi
Kurla East,Delhi
Kurla West,Delhi
Kurmaguda,Delhi
Kurubarahalli on Magadi Road,Delhi
Kushaiguda,Delhi
Kustia,Delhi
Kuthaganahalli,Delhi
Kuthambakkam,Delhi
Kutwal Colony,Delhi
Kuvempu Layout on Hennur Main Road,Delhi
Kvalasanahalli,Delhi
L I C Colony,Delhi
L&T Labour Colony,Delhi
Ladosarai,Delhi
Laggere Main Road,Delhi
Lajpat Nagar,Delhi
Lajpat Nagar 4,Delhi
Lajpat Nagar II,Delhi
Lajpat Nagar III,Delhi
Lajpat Nagar IV,Delhi
Lajpat Nagar Vinoba Puri,Delhi
Lakdikapul,Delhi
Lake Gardens,Delhi
Lake Terrace Road,Delhi
Lake Town,Delhi
Lake View Layout Road,Delhi
Lake View Road,Delhi
Lakeview Residency,Delhi
Lakkasandra,Delhi
Lakkasandra Laljinagar,Delhi
Lal Bahadur Shastri Nagar,Delhi
Lal Bazar,Delhi
Lal Chowki,Delhi
Lallubhai Park Road,Delhi
Lallubhai Park Road 2,Delhi
Langer House,Delhi
Lansdown,Delhi
Lavelle Road,Delhi
Law College Road,Delhi
Law Garden,Delhi
Laxman Nagar,Delhi
Laxmi Bai Nagar,Delhi
Laxmi Chowk Road,Delhi
laxmi nagar,Delhi
Laxmi Nagar Colony,Delhi
laxmi nagar near metro station,Delhi
Laxmi Nagary,Delhi
Laxmi Vihar,Delhi
Laxmiguda,Delhi
Laxminarayana Layout,Delhi
LB Nagar,Delhi
LBS Marg,Delhi
lbs nagar,Delhi
LHR Layout,Delhi
Liluah,Delhi
Lingadheeranahalli,Delhi
Lingampally,Delhi
Lingapura,Delhi
Lingarajapuram,Delhi
Linghampally,Delhi
link road borivali west,Delhi
Linking Road   Santacruz West,Delhi
locality,Delhi
Lodha Heaven,Delhi
Lodhi Estate,Delhi
Lodhi Road,Delhi
Lohegaon,Delhi
lokgram,Delhi
Lokhandwala Circle,Delhi
Lokhandwala complex,Delhi
Lokhandwala Township,Delhi
Lokhandwala Township Kandivali East,Delhi
Lokhandwala Twp,Delhi
Lokmanya Nagar,Delhi
Lokpuram,Delhi
Loni,Delhi
Loni Kalbhor,Delhi
Lonikand,Delhi
Lower Parel,Delhi
lower parel west,Delhi
Lulla Nagar,Delhi
M G ROAD Haridevpur,Delhi
M S R Main Road,Delhi
Maan,Delhi
Madagondahalli,Delhi
Madambakkam,Delhi
Madanankppam,Delhi
Madanayakahalli,Delhi
Madangir,Delhi
Madanpur Dabas,Delhi
Madanpur Khadar,Delhi
Madanpur Khadar Village,Delhi
Madaram,Delhi
Madavara,Delhi
Madh,Delhi
Madh Marve Road,Delhi
Madhala Vada,Delhi
Madhanandapuram,Delhi
Madhapur,Delhi
Madhapur Ayyappa Society,Delhi
Madhav Nagar,Delhi
Madhava Hills Estates,Delhi
Madhavapuri Hills PJR Layout,Delhi
Madhavaram,Delhi
Madhavaram Milk Colony,Delhi
Madhu Vihar,Delhi
Madhu Vihar Delhi,Delhi
Madhura Nagar,Delhi
Madhura Nagar,Delhi
Madhyamgram,Delhi
Madinaguda,Delhi
Madipakkam,Delhi
Madipakkam Kuberan Nagar Extention,Delhi
Madivala,Delhi
Maduravoyal,Delhi
Madurdaha Hussainpur,Delhi
MAE Campus,Delhi
Magadi,Delhi
Magadi Road,Delhi
Magarpatta,Delhi
Magrath Road,Delhi
Mahabalipuram,Delhi
Mahadev pura,Delhi
Mahadevapura,Delhi
Mahadevpur Colony,Delhi
Mahakali Cave Road,Delhi
Mahalakshmi Layout,Delhi
Mahalaxmi,Delhi
Mahalaxmipuram,Delhi
Mahalunge,Delhi
Mahalunge Ingale,Delhi
Mahamayatala,Delhi
Mahape,Delhi
Maharani Bagh,Delhi
Maharashtra Nagar,Delhi
maharshi nagar,Delhi
Mahatma Gandhi Nagar,Delhi
Mahatma Jyotiba Phule Nagar,Delhi
Mahaveer Nagar,Delhi
Mahavir Enclave,Delhi
Mahavir Enclave Bengali Colony,Hyderabad
Mahavir Enclave Part 2,Hyderabad
Mahavir Nagar,Hyderabad
Mahbubnagar,Hyderabad
Mahendra Hills,Hyderabad
Maheshtala,Hyderabad
Maheshwaram,Hyderabad
Mahim,Hyderabad
Mahim West,Hyderabad
Mahindra World City,Hyderabad
Mahipalpur,Hyderabad
Mahipalpur Extention,Hyderabad
Mahisbathan Kolkata,Hyderabad
Mahisbathan Road,Hyderabad
Maidan Garhi,Hyderabad
Mailasandra,Hyderabad
Main Chhatarpur Road,Hyderabad
Maithri Layout Kadugodi,Hyderabad
Majestic,Hyderabad
Majiwada,Hyderabad
Majiwada thane,Hyderabad
"Majiwada,Thane west",Hyderabad
Major Bhola Nath Colony,Hyderabad
Makarba,Hyderabad
Makardah,Hyderabad
Malabar Hill,Hyderabad
Malad East,Hyderabad
Malad West,Hyderabad
Malad West Gaikwad Nagar,Hyderabad
Malakpet,Hyderabad
Malathalli Road,Hyderabad
Malaysian Township Hyderabad,Hyderabad
Malcha,Hyderabad
Malcha Marg,Hyderabad
Mali Panchghara,Hyderabad
Malka Ganj,Hyderabad
Malkajgiri,Hyderabad
Mallampet,Hyderabad
Mallapur,Hyderabad
Mallasandra,Hyderabad
Mallasandra Hoskote,Hyderabad
Mallathahalli,Hyderabad
Malleshwaram 11th Cross,Hyderabad
Malleswaram,Hyderabad
Malpa Dongri,Hyderabad
Malur,Hyderabad
Malviya Nagar,Hyderabad
Malviya Nagar Block G,Hyderabad
Malviya Nagar Savitri Nagar,Hyderabad
malwani malad west,Hyderabad
Mambakkam Medavakkam Main Road,Hyderabad
Mamurdi,Hyderabad
Manaji Nagar,Hyderabad
Manali,Hyderabad
Manapakkam,Hyderabad
Manchirevula,Hyderabad
mandai,Hyderabad
Mandaveli,Hyderabad
Mandawali,Hyderabad
Mandi,Hyderabad
Mandirtala,Hyderabad
Mandoli,Hyderabad
Mandvi,Hyderabad
Manekbaugh,Hyderabad
Maneklal Estate,Hyderabad
Mangadu,Hyderabad
Mangalpally,Hyderabad
Mangammanapalya,Hyderabad
Mangawadi,Hyderabad
Mangdewadi,Hyderabad
Manglapuri,Hyderabad
Mangolpuri,Hyderabad
Manikonda,Hyderabad
Manikonda Road,Hyderabad
Manikpur Rajbari,Hyderabad
Maniktala,Hyderabad
Manimangalam,Hyderabad
Maninagar,Hyderabad
Maninagar East,Hyderabad
Manipur,Hyderabad
Manish Nagar,Hyderabad
Manish Nagar Four Bungalows,Hyderabad
Manjari,Hyderabad
Manjari Budruk,Hyderabad
Manjari Khurd,Hyderabad
Manjarli,Hyderabad
Manjri Village Road,Hyderabad
Manjunatha Layout Munnekollal,Hyderabad
Mankhurd,Hyderabad
Mannanthala,Hyderabad
manneguda,Hyderabad
Mannivakkam,Hyderabad
Mannivakkam Extension,Hyderabad
Manpada,Hyderabad
Mansa Ram Park,Hyderabad
Mansarovar garden,Hyderabad
Mansarover Garden,Hyderabad
Mansoorabad,Hyderabad
Manyata Tech Park Nagawara,Hyderabad
Manyata Tech Park Road,Hyderabad
Mappedu,Hyderabad
Mappedu Junction,Hyderabad
Maraganahalli,Hyderabad
Maragondanahalli Road,Hyderabad
Maraimalai Nagar,Hyderabad
Marakkanam,Hyderabad
Maran Nagar,Hyderabad
Marathahalli,Hyderabad
Marathahalli Village,Hyderabad
Margondanahalli,Hyderabad
Marine Drive,Hyderabad
Marine Lines,Hyderabad
Market yard,Hyderabad
Marol,Hyderabad
Marol andheri east,Hyderabad
Marol Andheri east mumbai,Hyderabad
marol maroshi,Hyderabad
Marol Millitary Road,Hyderabad
Marol Vijay Nagar,Hyderabad
Marsur,Hyderabad
Marudeeswarar Nagar,Hyderabad
Marunji,Hyderabad
Marunji Road,Hyderabad
Maruthi HBCS Layout,Hyderabad
Maruthi Layout,Hyderabad
Maruthi Nagar,Hyderabad
Maruthi Nagar,Hyderabad
Maruthi Nagar Madivala,Hyderabad
"Maruthi Nagar, Madivala",Hyderabad
Maruthi Sevanagar,Hyderabad
Marutirao Gaikwad Nagar,Hyderabad
Marvel Fria Road,Hyderabad
Masab Tank,Hyderabad
Masjid Banda,Hyderabad
Masjid Moth Village,Hyderabad
Mathikere,Hyderabad
Mathikere Extension,Hyderabad
Matiala,Hyderabad
Matunga,Hyderabad
matunga east,Hyderabad
MATUNGA WEST,Hyderabad
Mauza Panchpota,Hyderabad
Maval,Hyderabad
Mavalli,Hyderabad
Mayfair Road,Hyderabad
Mayur Nagari,Hyderabad
Mayur Vihar,Hyderabad
Mayur Vihar II,Hyderabad
mayur vihar phase 1,Hyderabad
Mayur Vihar Phase 2,Hyderabad
Mayur Vihar Phase 3,Hyderabad
Mayuri Nagar,Hyderabad
Mazagaon,Hyderabad
Mazgaon,Hyderabad
MC Layout,Hyderabad
MCECHS layout,Hyderabad
Medahalli,Hyderabad
Medak,Hyderabad
Medavakkam,Hyderabad
Medchal,Hyderabad
Medinaguda,Hyderabad
Medipally,Hyderabad
Meenakshi Layout,Hyderabad
Meenambakkam,Hyderabad
Meera Bagh,Hyderabad
Meerpet,Hyderabad
MEG Layout,Hyderabad
Megapolis Sunway Internal Road,Hyderabad
Meghani Nagar,Hyderabad
Mehdipatnam,Hyderabad
Mehrauli,Hyderabad
MEI Layout,Hyderabad
mELAKOTTAIYUR,Hyderabad
Memnagar,Hyderabad
Methodist Colony,Hyderabad
Metiabruz,Hyderabad
Metropolitan,Hyderabad
Metropolitan CoOperative Housing Society Limited Tangra,Hyderabad
Mettakanigudem,Hyderabad
Mettuguda,Hyderabad
Mettukuppam,Hyderabad
Mettukuppam Kanchipuram,Hyderabad
Mevalurkuppam,Hyderabad
MG Layout,Hyderabad
MG Road,Hyderabad
MG Road,Hyderabad
MGR Nagar,Hyderabad
MGR Nagar Velachery,Hyderabad
MHADA Colony 20,Hyderabad
Mhatre Nagar,Hyderabad
Michael Palaya,Hyderabad
Mico Layout,Hyderabad
Middleton street,Hyderabad
Migh Colony,Hyderabad
Milan Subway,Hyderabad
Military Dairy Farm Road,Hyderabad
Military Road,Hyderabad
Milk Colony,Hyderabad
Millers Road,Hyderabad
Mindspace,Hyderabad
Minjur,Hyderabad
Minto Park,Hyderabad
Mira Bhayander E,Hyderabad
Mira Road,Hyderabad
Mira Road East,Hyderabad
Mira Road West,Hyderabad
Mirashi Nagar Kanjurmarg East,Hyderabad
Mithakhali,Hyderabad
Mithapur,Hyderabad
Miyapur,Hyderabad
MLA Colony Road Number 12,Hyderabad
MLA Layout Main Road,Hyderabad
MM Layout,Hyderabad
Model Colony,Hyderabad
Model Town,Hyderabad
Model Town Phase-1,Hyderabad
Model Town Phase3,Hyderabad
Modi Colony,Hyderabad
Mogappair,Hyderabad
Mogappair East,Hyderabad
Mogappair West,Hyderabad
Mohammed wadi,Hyderabad
Mohan Kumar Nagar,Hyderabad
Mohan Nagar,Hyderabad
Mohan Nagar MIDC,Hyderabad
Mohisbathan,Hyderabad
Moinabad,Hyderabad
Mokila,Hyderabad
Mominpore,Hyderabad
Moodalapalya,Hyderabad
Moolacheri,Hyderabad
Moosapet,Hyderabad
Moosarambagh Road,Hyderabad
Moraiya,Hyderabad
Moranapalli,Hyderabad
Morwadi,Hyderabad
Moshi,Hyderabad
Motera,Hyderabad
Motera Stadium Road,Hyderabad
Moti Bagh,Hyderabad
Moti Nagar,Hyderabad
Moti Nagar,Hyderabad
Moula Ali,Hyderabad
Moulivakkam,Hyderabad
Mount Marry,Hyderabad
Mourigram,Hyderabad
MS Palya Road,Hyderabad
MS Ramaiah North City Bangalore,Hyderabad
MS Ramaiah North City Manayata Tech Park,Hyderabad
MSES Colony,Hyderabad
MSR Nagar Road Extension,Hyderabad
muchipara,Hyderabad
Muddanahalli,Hyderabad
Mudially,Hyderabad
Mudialy Road,Hyderabad
Mudichur,Hyderabad
Mugalivakkam,Hyderabad
Mukai Nagar,Hyderabad
Mukesh Nagar,Hyderabad
Mukherji Park,Hyderabad
Mukhram Garden,Hyderabad
Mukund Nagar,Hyderabad
Mukundapur,Hyderabad
Mukundpur,Hyderabad
Mullur,Hyderabad
Mulshi,Hyderabad
Mulund,Hyderabad
Mulund Check Naka,Hyderabad
Mulund East,Hyderabad
Mulund East Gavanpada,Hyderabad
Mulund West,Hyderabad
Mulund West Mumbai,Hyderabad
Mumatpura,Hyderabad
mumbai,Hyderabad
Mumbai Central,Hyderabad
Mumbai Goa Highway,Hyderabad
Mumbai Highway,Hyderabad
Mumbai Nashik Expressway,Hyderabad
Mumbra,Hyderabad
Mundhwa,Hyderabad
Mundhwa Kharadi Road,Hyderabad
Mundhwa Manjari Road,Hyderabad
Mundka,Hyderabad
Muneshwara Block,Hyderabad
Muneshwara Nagar,Hyderabad
Munganoor,Hyderabad
Munirka,Hyderabad
Munirka Enclave,Hyderabad
Munjaba Basti,Hyderabad
Munjaba Vasti,Hyderabad
Munnekollal,Hyderabad
Munneshwara Layout,Hyderabad
Murarbaug,Hyderabad
Murlidhar Housing Society,Hyderabad
Murugesh Palya,Hyderabad
Murugeshpalya,Hyderabad
Musheerabad Zamistanpur,Hyderabad
muthangi,Hyderabad
Muthyala Nagar,Hyderabad
Muttukadu,Hyderabad
Mylapore,Hyderabad
mylapore,Hyderabad
Mylapore Devandavakkam,Hyderabad
Mylasandra,Hyderabad
Nabapally,Hyderabad
Nacharam,Hyderabad
Nadergul,Hyderabad
Nagadevanahalli,Hyderabad
Nagalkeni,Hyderabad
Nagappa Reddy Layout Main Road,Hyderabad
Nagapura,Hyderabad
Nagaram,Hyderabad
Nagaram Hyderabad South,Hyderabad
Nagarathnamma Layout,Hyderabad
Nagarathpet,Hyderabad
Nagarbhavi,Hyderabad
Nagareshwara   Nagenahalli,Hyderabad
Nagasandra,Hyderabad
Nagavara,Hyderabad
Nagavara Village,Hyderabad
Nagawara,Hyderabad
Nagdevanahalli,Hyderabad
Nagenahalli,Hyderabad
Nagendra Block Bangalore,Hyderabad
Nager Bazar,Hyderabad
Nagole,Hyderabad
Nagondanahalli,Hyderabad
Nagpada,Hyderabad
nahar amrit shakti Chandivali,Hyderabad
Nahur East,Hyderabad
Naigaon East,Hyderabad
Naigaon West,Hyderabad
Najafgarh,Hyderabad
Naktala,Hyderabad
Naktala Road,Hyderabad
Nala Sopara,Hyderabad
Nalanda Nagar Srimallenagar Colony,Hyderabad
Nalasopara East,Hyderabad
Nalasopara West,Hyderabad
Nallagandla Fly over,Hyderabad
Nallagandla Gachibowli,Hyderabad
Nallagandla Road,Hyderabad
Nallakunta,Hyderabad
Nallambakkam,Hyderabad
nallasopara W,Hyderabad
Nallurhalli Whitefield,Hyderabad
Nampally,Hyderabad
Nana Chiloda,Hyderabad
Nanakramguda,Hyderabad
Nandambakkam,Hyderabad
Nandanam,Hyderabad
Nanded,Hyderabad
Nanded Phata,Hyderabad
Nandhampakkam,Hyderabad
Nandi Hills,Hyderabad
Nandidurga Road Crescent,Hyderabad
Nandini Layout,Hyderabad
Nanganallur,Hyderabad
Nangloi,Hyderabad
Nanmangalam,Hyderabad
Napeansea Road,Hyderabad
Naraina,Hyderabad
Naraina Vihar,Hyderabad
Naraina Village,Hyderabad
Naranpura Road,Hyderabad
Naranpuraa,Hyderabad
Narapally,Hyderabad
Narayan Nagar,Hyderabad
Narayan Peth,Hyderabad
Narayana Reddy Layout,Hyderabad
Narayana Reddy Layout Bangalore,Hyderabad
Narayanaghatta,Hyderabad
Narayanapura,Hyderabad
Narayanapura Hennur Main Road,Hyderabad
Narayanapura on Hennur Main Road,Hyderabad
Narayangaon,Hyderabad
Narayanguda,Hyderabad
Narayanpur,Hyderabad
Narayantala West,Hyderabad
Narela,Hyderabad
Narendra Complex,Hyderabad
Narendrapur,Hyderabad
Nargis Dutt Road,Hyderabad
Narhe,Hyderabad
Nariman Point,Hyderabad
Narkel Bagan New Town,Hyderabad
Narmada Canal,Hyderabad
Naroda,Hyderabad
Narol,Hyderabad
Narolgam,Hyderabad
Narsingi,Hyderabad
Naryanpura,Hyderabad
Nasirpur,Hyderabad
Natagarh,Hyderabad
National Society,Hyderabad
Nava Naroda,Hyderabad
Nava Vadaj,Hyderabad
Navade,Hyderabad
Navallur,Hyderabad
Navalur,Hyderabad
Naveen Kunj Society,Hyderabad
Naveen Nagar,Hyderabad
Navjeevan Vihar,Hyderabad
Navodaya Colony,Hyderabad
Navodaya Nagar Bangalore,Hyderabad
Navpada Vile Parle East,Hyderabad
Navrang Circle,Hyderabad
Navrangpura,Hyderabad
Nawab Saheb Kunta,Hyderabad
Nawada,Hyderabad
Nawapara,Hyderabad
Nayabad,Hyderabad
Nayabad Daspara,Hyderabad
Nayanapanahalli Road,Hyderabad
Nayandahalli,Hyderabad
Nazirabad,Hyderabad
Nazrul Islam Avenue,Hyderabad
Near Bellandur,Hyderabad
Near Check Naka,Hyderabad
Near Mhada Colony Mulund E,Hyderabad
Near Nirma University On SG Highway,Hyderabad
Near Vaishno Devi Circle On SG Highway,Hyderabad
Neb Sarai,Hyderabad
Neeladri Investment Layout 6th Main Road,Hyderabad
Neeladri Nagar,Hyderabad
Neeladri Nagar Bengaluru,Hyderabad
Neeladri Road,Hyderabad
Neeladri Road Neeladri Nagar,Hyderabad
Neelankarai,Hyderabad
Neelasandra,Hyderabad
Neeraj Colony,Hyderabad
Neeti Bagh,Hyderabad
Nehru Enclave,Hyderabad
Nehru Nagar,Hyderabad
Nehru Nagar,Hyderabad
Nehru Nagar,Hyderabad
Nehru Nagar,Hyderabad
Nehru Nagar,Hyderabad
Nehru Nagar Kurla,Hyderabad
Nehru Place,Hyderabad
NehruNagar,Hyderabad
Neknampur,Hyderabad
Nelamangala,Hyderabad
Nellikuppam,Hyderabad
Nemam,Hyderabad
Nemilicheri,Hyderabad
Nemilichery,Hyderabad
Neo Town Electronics City Pha,Hyderabad
Neo Whitefield,Hyderabad
Nepalgange,Hyderabad
Neral,Hyderabad
Neraluru,Hyderabad
Nere,Hyderabad
Nere,Hyderabad
Neredmet,Hyderabad
Neredmet Sainikpur X Road,Hyderabad
Neredmet X Road Vayupuri Sainikpuri X Road,Hyderabad
Nerhe,Hyderabad
Nerkundram,Hyderabad
Nerul,Hyderabad
Nesapakkam,Hyderabad
Netaji Nagar,Hyderabad
Netaji Nagar,Hyderabad
Netaji Subhash Place,Hyderabad
New Alipore,Hyderabad
New Ashok Nagar,Hyderabad
New Ashok Nagar Block E,Hyderabad
New Balaji Nagar,Hyderabad
New Barrakpur,Hyderabad
new bel road,Hyderabad
New Bowenpally X Road,Hyderabad
New C G Road,Hyderabad
new c g road chandkheda,Hyderabad
New cg road,Hyderabad
New Dindoshi Green Hill Society Mumbai,Hyderabad
New DP Road,Hyderabad
New Friends Colony,Hyderabad
New Garia,Hyderabad
New Gummidipoondi,Hyderabad
New Hafeezpet Hyderabad,Hyderabad
New Kalyani Nagar,Hyderabad
New Kondli,Hyderabad
New LIC Colony,Hyderabad
NEW MALAKPET,Hyderabad
New Mallepally,Hyderabad
New Maninagar,Hyderabad
New MHB Colony Mumbai,Hyderabad
New Moti Nagar,Kolkata
New Mustafabad,Kolkata
New Nagardas Road,Kolkata
new Panvel navi mumbai,Kolkata
New Prabhadevi Marg,Kolkata
New Rajendra Nagar,Kolkata
New Rajinder Nagar,Kolkata
New Ranip,Kolkata
New Rohtak Road Karol Bagh,Kolkata
New Sangavi,Kolkata
New Sanghvi,Kolkata
New Thippasandra,Kolkata
New Town,Kolkata
New Town Rajarhat,Kolkata
Newtown Action Area 1A,Kolkata
Neww CG Road,Kolkata
NFC Nagar,Kolkata
NGEF Layout Sadanandanagar,Kolkata
NGO Colony,Kolkata
NIBM,Kolkata
NIBM Annex Mohammadwadi,Kolkata
NIBM Annexe,Kolkata
Nigam Nagar,Kolkata
NIgam Society,Kolkata
Nigdi,Kolkata
Nigdi Sector 24,Kolkata
Nigdi Sector 26,Kolkata
Nihal Vihar Delhi,Kolkata
Nikol,Kolkata
Nilje Gaon,Kolkata
Nilothi,Kolkata
Nimbalkar Nagar Lohgaon,Kolkata
Nimta,Kolkata
Nirankari Colony,Kolkata
Nirnay Nagar,Kolkata
Niti Bagh,Kolkata
Nizampet,Kolkata
Nizamuddin East,Kolkata
Nizamuddin West,Kolkata
Noapara,Kolkata
Noida,Kolkata
Nolambur,Kolkata
North Dumdum,Kolkata
Nr Ballygunge circular road,Kolkata
NR Colony,Kolkata
NRI Layout,Kolkata
Nungambakkam,Kolkata
Nungambakkam Thiruvallur,Kolkata
Oberoi Splendor,Kolkata
Odhav,Kolkata
Off Bannerghatta Road,Kolkata
Off Carter Road,Kolkata
Off Cunningham Road,Kolkata
Off Madras Road,Kolkata
Officers Colony,Kolkata
Ognaj,Kolkata
Okalipuram,Kolkata
Okhla,Kolkata
Okhla Industrial Area,Kolkata
Okhla Phase I,Kolkata
Okkiyam,Kolkata
Old Bowenpally,Kolkata
Old Delhi,Kolkata
Old Malakpet,Kolkata
Old MHB Colony Mumbai,Kolkata
Old Nagardas Road,Kolkata
Old Nallakunta,Kolkata
Old Pallavaram,Kolkata
old pallavaram jeya lakhsminagar,Kolkata
old panvel,Kolkata
Old Rajender Nagar,Kolkata
Old Sanghvi,Kolkata
Old Sangvi,Kolkata
Old Seemapuri,Kolkata
Old Wadaj,Kolkata
Old Washermanpet,Kolkata
Olkaiwadi,Kolkata
Om Colony,Kolkata
Om Enclave Mithapur Extension,Kolkata
Om Vihar,Kolkata
OMBR Layout,Kolkata
OMBR Layout Chikka Banaswadi,Kolkata
Oragadam,Kolkata
Oragadam Industrial Corridor,Kolkata
Oragadam Village Ambattur Talu,Kolkata
Orlem Lourdes Colony,Kolkata
Oshiwara,Kolkata
Oshiwara Park Road,Kolkata
Osman Nagar,Kolkata
Ottiyabakkam,Kolkata
Owale,Kolkata
P And T Colony,Kolkata
P Janardhan Reddy Nagar,Kolkata
Padalam,Kolkata
Padapai,Kolkata
Padgha,Kolkata
Padi,Kolkata
Padle Gaon,Kolkata
Padmanabhanagar,Kolkata
Padmarao Nagar,Kolkata
Padmavati,Kolkata
Padur,Kolkata
Padur On Arakkonam Hwy,Kolkata
Paharganj,Kolkata
Pai Layout,Kolkata
Paikpara,Kolkata
Pailan,Kolkata
pakhadi,Kolkata
Palace Guttahalli,Kolkata
Palace Road,Kolkata
Palam,Kolkata
Palam Vihar,Kolkata
Palani Andavar Koil Street,Kolkata
Palava,Kolkata
Palavakam,Kolkata
Palavakkam,Kolkata
Paldi,Kolkata
Palghar,Kolkata
Pali Danda Road,Kolkata
Pali Hill,Kolkata
Pallavan Nagar,Kolkata
Pallavan Nagar Main Road,Kolkata
Pallavan Salai,Kolkata
Pallavaram,Kolkata
Pallikaranai,Kolkata
Pallisree,Kolkata
Palm Beach,Kolkata
Palta,Kolkata
Pammal,Kolkata
Pamposh Enclave,Kolkata
Pan Card Club Road,Kolkata
Panathur,Kolkata
Panathur Main Road,Kolkata
Panayur,Kolkata
Pancha Sayar,Kolkata
Panchamrut Society,Kolkata
Panchavati Colony,Kolkata
Panchpota,Kolkata
Panchsheel Enclave,Kolkata
Panchsheel Park,Kolkata
PANCHSHEEL VIHAR,Kolkata
Panchshila Park South,Kolkata
Pandav Nagar,Kolkata
Pandav Nagar,Kolkata
Pandhari Nagar,Kolkata
Pandurang Budhkar Marg,Kolkata
Panduranga Nagar,Kolkata
Pandwalan Khurd,Kolkata
Pangoli,Kolkata
Panihati,Kolkata
Pankti Co operative Housing Society,Kolkata
Pansila,Kolkata
Pant Nagar,Kolkata
Panvel,Kolkata
panvel,Kolkata
Papanthangal,Kolkata
Paradise Colony,Kolkata
param puri,Kolkata
Paranjape Nagar,Kolkata
Parappana Agrahara,Kolkata
Parel,Kolkata
Parel Village,Kolkata
Parimal Garden,Kolkata
Park Circus,Kolkata
Park Side Road,Kolkata
Park Street,Kolkata
Park Street Area,Kolkata
Park Town,Kolkata
Parnashree,Kolkata
Parnasree Pally,Kolkata
PARSIK NAGAR,Kolkata
Parui Mauza,Kolkata
Paruthipattu Road,Kolkata
Parvati Darshan,Kolkata
Paryavaran Complex,Kolkata
Paryavaran Complex Main,Kolkata
Paschim Barisha,Kolkata
Paschim Putiary,Kolkata
Paschim Vihar,Kolkata
Paschim Vihar Block A 5,Kolkata
Pasha Colony,Kolkata
Pashan,Kolkata
Pashan Sus Road,Kolkata
Patancheru,Kolkata
Patancheru Mandal,Kolkata
Patel Guda,Kolkata
Patel Nagar,Kolkata
Pathar Gatti,Kolkata
Patipukur,Kolkata
Patparganj,Kolkata
Pattabiram,Kolkata
Pattandur Agrahara,Kolkata
Pattandur Agrahara Road,Kolkata
Patteghar Palya Main Road,Kolkata
Patuli,Kolkata
paud,Kolkata
Paud Road,Kolkata
Pavendar Nagar,Kolkata
Pazavanthangal,Kolkata
Pazhavanthangal,Kolkata
Peddar Road,Kolkata
Peenya,Kolkata
Peerakankaranai,Kolkata
Peeramcheru,Kolkata
Peerzadiguda,Kolkata
Perambur,Kolkata
Perambur Paper Mills Road,Kolkata
Periyamet,Kolkata
Periyar Nagar,Kolkata
Perugate,Kolkata
Perumalpattu,Kolkata
Perumbakkam,Kolkata
Perungalathur,Kolkata
Perungudi,Kolkata
Pestom Sagar Colony,Kolkata
Phase 2,Kolkata
Phase 2 Chattarpur Enclave,Kolkata
Phase VI LIG Flats,Kolkata
Philomina Nagar,Kolkata
Phool Bagan,Kolkata
Phoolbagan Crossing,Kolkata
Phursungi Village Road,Kolkata
Picnic Garden,Kolkata
Picnic Garden Road,Kolkata
Pillagana Halli,Kolkata
Pimple Gurav,Kolkata
Pimple Nilakh,Kolkata
Pimple Saudagar,Kolkata
Pimpri,Kolkata
Pimpri Chinchwad,Kolkata
Pirangut,Kolkata
Pisoli,Kolkata
Pisoli Road,Kolkata
Pitampura,Kolkata
Pitampura Block NP,Kolkata
Pitampura KP Block,Kolkata
PJR Enclave Road,Kolkata
PJR Layout,Kolkata
PJR Nagar,Kolkata
Plammoodu,Kolkata
Pochanpur Colony,Kolkata
Pocharam,Kolkata
Pocharam Near Muthangi,Kolkata
Pocharam South Hyderabad,Kolkata
Pocket 4 Sector C,Kolkata
Poddar Nagar,Kolkata
Pokhran 2,Kolkata
Ponmar,Kolkata
Ponniammanmedu,Kolkata
poonam nagar,Kolkata
Poonamallee,Kolkata
Poorvi Pitampura,Kolkata
Porur,Kolkata
Porwal Rd,Kolkata
Post Office Road,Kolkata
Potheri,Kolkata
Pothur,Kolkata
Pottakkuzhi,Kolkata
Pottery Town,Kolkata
Powai,Kolkata
Powai Lake,Kolkata
Powai MHADA Colony,Kolkata
Powai Vihar Road,Kolkata
Pozhichalur,Kolkata
Prabhadevi,Kolkata
Prabhadevi mumbai,Kolkata
Prabhat Road,Kolkata
Pradhikaran Nigdi,Kolkata
Pragathi Nagar,Kolkata
Pragathi Nagar Kukatpally,Kolkata
Pragathi Nagar Main,Kolkata
Pragati Nagar,Kolkata
Pragati Vihar,Kolkata
Prahlad Nagar,Kolkata
Prahlad Nagar Road,Kolkata
Prakash Mohalla,Kolkata
Prakash Mohalla Amritpuri,Kolkata
Prakruthi Township,Kolkata
Prashant Vihar,Kolkata
Prashant Vihar Sector 14,Kolkata
Pratik Nagar,Kolkata
Prayathi Nagar,Kolkata
Preet Vihar,Kolkata
Prem Nagar,Kolkata
Prerna Tirth Road,Kolkata
Press Bazar,Kolkata
Prince Anwar Shah Rd,Kolkata
Prince Anwar Shah Road Tollygunge,Kolkata
Prithvi Layout,Kolkata
Prithviraj Road,Kolkata
Priyadarshini Vihar Priya Priyadarshini Vihar,Kolkata
Pudupakkam,Kolkata
Pudupakkam Village,Kolkata
Pulianthope,Kolkata
Punawale,Kolkata
Pune Cantonment,Kolkata
Pune Nagar Road,Kolkata
Pune Satara Rd,Kolkata
Pune Satara Road,Kolkata
Pune Solapur Road,Kolkata
Pune Station,Kolkata
Punjabi Bagh,Kolkata
Punjabi Bagh Bhagwan Das Nagar,Kolkata
Punjagutta,Kolkata
Punjagutta Market,Kolkata
Puppalaguda,Kolkata
Puppalguda,Kolkata
Purasaiwakkam,Kolkata
Purasawalkam,Kolkata
Purba Putiary,Kolkata
Purba Sinthee Bye Lane,Kolkata
Purbachal Road,Kolkata
purbalok,Kolkata
Purnanagar,Kolkata
Pushpagiri Nagar,Kolkata
Pushpanjali Enclave,Kolkata
Pushpanjali Farms,Kolkata
Puzhal,Kolkata
Puzhudhivakkam,Kolkata
Puzhuthivakkam,Kolkata
Q City Road,Kolkata
QU Block Uttari Pitampura,Kolkata
Qutab Enclave,Kolkata
Qutab Institutional Area,Kolkata
Quthbullapur,Kolkata
Qutub Shahi Tombs,Kolkata
Qutub Vihar,Kolkata
R B Connector,Kolkata
R R NAGAR,Kolkata
R T  Nagar,Kolkata
R T Nagar,Kolkata
R.K. Hegde Nagar,Kolkata
R.K. Puram,Kolkata
Rabale,Kolkata
Rabale Station Road,Kolkata
Rabindra Sarova Metro,Kolkata
Rabindra Sarovar,Kolkata
Rachenahalli,Kolkata
Radha Nagar,Kolkata
Radha Nagar Main,Kolkata
Radhanath Chowdhury Road,Kolkata
Radhe Mohan Drive,Kolkata
Radhey Mohan Drive,Kolkata
Radhey Shyam Park,Kolkata
Raghava Reddy Colony,Kolkata
Raghavendra Colony,Kolkata
Raghavendra Colony Manikonda,Kolkata
raghunathpur,Kolkata
Ragigudda Slum,Kolkata
Rahara,Kolkata
Rahatani,Kolkata
Raheja Complex Road,Kolkata
raheja vihar,Kolkata
Rahmath Nagar,Kolkata
raidurgam,Kolkata
Rail Vihar,Kolkata
Railway Mens Empyloyees Layout 2nd Stage,Kolkata
Raj Nagar,Kolkata
Raj Nagar Part II,Kolkata
Raja Annamalai Puram,Kolkata
Raja Basanta Roy Road,Kolkata
Raja Bazar,Kolkata
Raja garden,Kolkata
Raja Rajeshwara Nagar,Kolkata
Raja Rajeshwari Nagar 5th Stage,Kolkata
Raja Rajeswari Nagar,Kolkata
rajaji nagar,Kolkata
Rajajinagar,Kolkata
Rajakilpakkam,Kolkata
Rajapur,Kolkata
Rajarhat,Kolkata
Rajarhat Chowmatha,Kolkata
Rajarhat Gopalpur,Kolkata
Rajarhat main road,Kolkata
rajarhat newtown,Kolkata
Rajas Society,Kolkata
Rajbari,Kolkata
Rajendra Nagar,Kolkata
Rajgurunagar,Kolkata
Rajinder Nagar,Kolkata
Rajiv Gandhi Nagar Colony,Kolkata
Rajokri,Kolkata
Rajouri Garden,Kolkata
Rajouri Garden Extension,Kolkata
Rajpur,Kolkata
Rajpur Khurd Extension,Kolkata
Raju Park,Kolkata
Rakshapuram,Kolkata
Ram Datt Enclave,Kolkata
Ram Nagar,Kolkata
Ram Nagar,Kolkata
Ram Prastha Colony,Kolkata
Rama Park Block B,Kolkata
Rama Vihar,Kolkata
Ramabai Ambedkar Nagar,Kolkata
Ramachandra Puram,Kolkata
Ramachandrapuram,Kolkata
Ramagondanahalli,Kolkata
Ramakrishna Nagar Extension,Kolkata
Ramamurthy Nagar,Kolkata
Ramanashree California Gardens Layout,Kolkata
Ramanthapur,Kolkata
Ramapuram,Kolkata
Ramasandra,Kolkata
Ramavaram,Kolkata
Ramayan Nagar,Kolkata
Rambagh Colony,Kolkata
Rambaug,Kolkata
Rambaug,Mumbai
Rambaug Colony,Mumbai
Ramdev Nagar,Mumbai
Ramesh Nagar,Mumbai
Ramesh Nagar raja garden bali nagar,Mumbai
Ramesh Nagar Road,Mumbai
Ramgad Nagar,Mumbai
Ramgopalpet,Mumbai
Ramkrishna Paramhans Nagar,Mumbai
Rammurthi Nagar,Mumbai
Ramnas Pura,Mumbai
Rampally,Mumbai
Ramtekdi Industrial Area,Mumbai
Ranganathan Colony,Mumbai
Rangpuri,Mumbai
Rani Gunj,Mumbai
Ranip,Mumbai
Ranjangaon,Mumbai
Ranjeet Nagar,Mumbai
Ranka Colony,Mumbai
Ranka Nagar,Mumbai
Rasapunja,Mumbai
Rasayani,Mumbai
Rash Behari,Mumbai
Rashbehari,Mumbai
Rasoolpura,Mumbai
Rasta Peth,Mumbai
Ratan Park,Mumbai
Ratan Park Delhi,Mumbai
Ravet,Mumbai
Ravindra Nagar Colony,Mumbai
Raviryal,Mumbai
Raviwar Peth,Mumbai
Rayasandra,Mumbai
Raysandara,Mumbai
Razapur Khurd,Mumbai
RC Marg,Mumbai
Reckjoani Hospital Road,Mumbai
Reclamation,Mumbai
RedHill,Mumbai
Regent Park,Mumbai
Regimental Bazaar,Mumbai
Rein Bazaar,Mumbai
Reliaable Tranquil Layout,Mumbai
"Reliable Residency Layout, Phase 3",Mumbai
Renuka Nagar,Mumbai
Residency Road,Mumbai
Residential Flat Haridevpur,Mumbai
Residential Flat Malviya Nagar Extension,Mumbai
Richards Town,Mumbai
Richmond Road,Mumbai
Richmond Town,Mumbai
Ripon street,Mumbai
Rishra,Mumbai
Ritchie Road,Mumbai
Rizvi Complex,Mumbai
Rizvi Complex Chuim,Mumbai
RK Hegde Nagar Bangalore,Mumbai
RK Township,Mumbai
RMV,Mumbai
RMV 2nd Stage,Mumbai
RMV Extension Stage 2,Mumbai
Road No 10 Banjara Hills,Mumbai
Road No7 NIN Colony,Mumbai
Rodkol Road,Mumbai
Rohini sector 16,Mumbai
Rohini sector 24,Mumbai
rohini sector 5,Mumbai
Rohini Sector 9,Mumbai
Rohit Kunj Sandesh Vihar,Mumbai
Roop Nagar,Mumbai
Roopena Agrahara,Mumbai
Royapettah,Mumbai
Royappa Nagar,Mumbai
Royapuram,Mumbai
RPC layout,Mumbai
RR Nagar,Mumbai
RT Nagar HMT Layout,Mumbai
RT Nagar I,Mumbai
RT Nagar Main Road,Mumbai
RT Nager,Mumbai
Ruby Hosp Main Road,Mumbai
Rudraram,Mumbai
Russa Road South,Mumbai
Rustam bagh Layout,Mumbai
Rustum Bagh Main Road,Mumbai
S D A New,Mumbai
S G Highway,Mumbai
S.Bingipura,Mumbai
Saat Rasta,Mumbai
Sabarmati,Mumbai
Sabe Gaon,Mumbai
Sabzi Mandi Old,Mumbai
Sachana,Mumbai
Sadananda Nagar,Mumbai
Sadar Bazaar,Mumbai
Sadashiv Peth,Mumbai
Sadashiva Nagar,Mumbai
Sadashivpet,Mumbai
Sadduguntepalya,Mumbai
Sadhu Vaswani Chowk,Mumbai
Sadiq Nagar,Mumbai
Sadulajab,Mumbai
Safdarjung Development Area,Mumbai
Safdarjung Enclave,Mumbai
Safilguda,Mumbai
Sagar Pur,Mumbai
Sagarli Gaon,Mumbai
Saha Para,Mumbai
Sahakar Nagar,Mumbai
Sahakar Nagar,Mumbai
Sahakar Nagar II,Mumbai
Sahakara Nagar,Mumbai
sahakara nagar,Mumbai
Sahibabad,Mumbai
Sahid Nagar Road,Mumbai
Sahkar Nagar,Mumbai
Sahyadri Nagar,Mumbai
Sai Baba Ashram,Mumbai
Sai Baba Nagar,Mumbai
Sai Section,Mumbai
Saibaba Nagar,Mumbai
Saibaba Nagar,Mumbai
Saidabad,Mumbai
Saidabad,Mumbai
Saidapet,Mumbai
Saijpur Bogha,Mumbai
Sainath Nagar,Mumbai
Saini Enclave,Mumbai
Sainik Farm,Mumbai
Sainik nagar 1,Mumbai
Sainikpuri,Mumbai
Sakal Nagar,Mumbai
Saket,Mumbai
Saket delhi,Mumbai
Saki Naka,Mumbai
Saki Vihar Complex Road,Mumbai
Saki Vihar Road,Mumbai
Sakinaka Andheri east,Mumbai
Sakthi Nagar,Mumbai
SAL Hospital,Mumbai
Salap,Mumbai
Salarjung Colony,Mumbai
Saligramam,Mumbai
Salisbury Park,Mumbai
Salkia,Mumbai
Salt Lake City,Mumbai
salt lake sec iii,Mumbai
Salunke Vihar,Mumbai
Salunke Vihar Road,Mumbai
Samalka,Mumbai
Samata nagar,Mumbai
Samata Nagar Thakur Village,Mumbai
Samay Pur,Mumbai
Sampangi Rama Nagara,Mumbai
Sampangiram Nagar,Mumbai
Sampigehalli,Mumbai
Samta Enclave,Mumbai
Samtanagar Thakur Village,Mumbai
Sanand,Mumbai
Sanand Sarkhej Road,Mumbai
Sanaswadi,Mumbai
Sanath Nagar,Mumbai
Sanathal,Mumbai
Sanchar Nagar MCECHS Layout,Mumbai
Sanchar Nagar MCECHS Layout Bengaluru,Mumbai
Sangam Vihar,Mumbai
Sangamvadi,Mumbai
Sangareddy,Mumbai
Sangareddy,Mumbai
Sanjay Nagar,Mumbai
Sanjay Park,Mumbai
Sanjaynagar,Mumbai
Sanjeeva Reddy Nagar,Mumbai
Sanjeevini Nagar,Mumbai
Sannatammanahalli,Mumbai
Sanpada,Mumbai
Sant Nagar,Mumbai
Sant Nagar,Mumbai
Sant Nagar,Mumbai
Sant Nagar East Of Kailash Road,Mumbai
Sant tukaram Nagar,Mumbai
Santacruz East,Mumbai
Santacruz West,Mumbai
Santej,Mumbai
Santhome,Mumbai
Santhosapuram,Mumbai
Santhosh Nagar,Mumbai
Santipura,Mumbai
Santnagar,Mumbai
Santosh Nagar,Mumbai
Santoshnagar,Mumbai
Santoshpur,Mumbai
Santragachi,Mumbai
Saphale,Mumbai
Saptagiri Colony,Mumbai
Sarai Rohilla,Mumbai
Sarakki Nagar 1st Phase,Mumbai
Saraswathi Colony,Mumbai
Saraswati Vihar,Mumbai
Sarat Bose Road,Mumbai
Saravali Village,Mumbai
Sardar Patel Ring Road,Mumbai
Sarita Vihar,Mumbai
Sarjapur,Mumbai
Sarjapur  Road,Mumbai
Sarjapur main road,Mumbai
Sarjapur Road Post Railway Crossing,Mumbai
Sarjapur Road Till Wipro,Mumbai
Sarjapur Road Wipro To Railway Crossing,Mumbai
SARJAPURA ROAD,Mumbai
Sarkhej,Mumbai
Sarkhej Okaf,Mumbai
Sarkhej Road,Mumbai
Sarojini Nagar,Mumbai
Saroor Nagar,Mumbai
Saroornagar,Mumbai
Sarsole,Mumbai
Sarsuna,Mumbai
Sarvagnanagar,Mumbai
Sarvodaya Enclave,Mumbai
Sarvpriya Vihar,Mumbai
Sasane Nagar,Mumbai
Sastri Nager,Mumbai
Saswad,Mumbai
Sat Bari,Mumbai
Satar Nagar,Mumbai
Satara road,Mumbai
Satavwadi,Mumbai
Satellite,Mumbai
Satellite Extension,Mumbai
Satellite Road,Mumbai
Satellite Society,Mumbai
Sathnur Village,Mumbai
Sathya Colony,Mumbai
Sathya Sai Layout,Mumbai
Satlasana,Mumbai
Satya Nagar,Mumbai
Satyapuram Co operative Housing Society,Mumbai
Satyawati nagar,Mumbai
Savitri Nagar,Mumbai
Sayani Road,Mumbai
Science City,Mumbai
Science City,Mumbai
Sea Cliff Conclave Akkarai,Mumbai
Sealdah,Mumbai
Seawoods,Mumbai
Secretariat Colony,Mumbai
Sector 1 Dwarka,Mumbai
Sector 1 HSR Layout,Mumbai
Sector 1 Rohini,Mumbai
Sector 1 Salt Lake City,Mumbai
Sector 10 Dwarka,Mumbai
Sector 10 Kamothe,Mumbai
Sector 10 Rohini,Mumbai
Sector 10A,Mumbai
Sector 11 Belapur,Mumbai
Sector 11 Dwarka,Mumbai
Sector 11 Kharghar,Mumbai
Sector 11 Koparkhairane,Mumbai
Sector 11 Rohini,Mumbai
Sector 11 Vashi,Mumbai
Sector 12 Dwarka,Mumbai
Sector 12 Kharghar,Mumbai
Sector 13 Dwarka,Mumbai
Sector 13 Rohini,Mumbai
Sector 14 Dwarka,Mumbai
Sector 14 Rohini,Mumbai
Sector 14 Vashi,Mumbai
Sector 15 Kharghar,Mumbai
Sector 15 Kopar Khairane,Mumbai
Sector 15 Rohini,Mumbai
Sector 15 Vashi,Mumbai
Sector 15A,Mumbai
Sector 16 A,Mumbai
Sector 16 Dwarka,Mumbai
Sector 16 Vashi,Mumbai
Sector 16A Dwarka,Mumbai
Sector 16B Dwarka,Mumbai
Sector 17 Dwarka,Mumbai
Sector 17 Ulwe,Mumbai
Sector 17 Vashi,Mumbai
Sector 18 Rohini,Mumbai
Sector 18 Sector 18A Dwarka,Mumbai
Sector 18A Dwarka,Mumbai
Sector 18B Dwarka,Mumbai
Sector 19 Dwarka,Mumbai
Sector 19 Kamothe,Mumbai
Sector 19 Kharghar,Mumbai
Sector 19 Nerul,Mumbai
Sector 19 Ulwe,Mumbai
Sector 2 Dwarka,Mumbai
Sector 2 Rohini,Mumbai
Sector 2 Ulwe,Mumbai
Sector 20 Kamothe,Mumbai
Sector 20 Kharghar,Mumbai
Sector 20 Ulwe,Mumbai
Sector 21 Dwarka,Mumbai
Sector 21 Ghansoli,Mumbai
Sector 21 Kamothe,Mumbai
Sector 21 Kharghar,Mumbai
Sector 21 Nerul,Mumbai
Sector 21 Rohini,Mumbai
Sector 21 Ulwe,Mumbai
Sector 22,Mumbai
Sector 22 Dwarka,Mumbai
Sector 22 Kamothe,Mumbai
Sector 22 Rohini,Mumbai
Sector 23 Dwarka,Mumbai
Sector 23 Nerul,Mumbai
Sector 23 Rohini,Mumbai
Sector 23 Ulwe,Mumbai
Sector 23B Dwarka,Mumbai
Sector 24 Rohini,Mumbai
Sector 25,Mumbai
Sector 25 Rohini,Mumbai
Sector 26 Dwarka,Mumbai
Sector 27 Pradhikaran,Mumbai
Sector 28 Dwarka,Mumbai
Sector 28 Rohini,Mumbai
Sector 29,Mumbai
Sector 29C,Mumbai
Sector 3 Dwarka,Mumbai
Sector 3 HSR Layout,Mumbai
Sector 3 Rohini,Mumbai
Sector 30 Kharghar,Mumbai
Sector 34 Rohini,Mumbai
Sector 35 Rohini,Mumbai
Sector 35I Kharghar,Mumbai
Sector 36 Kamothe,Mumbai
Sector 36 Kharghar,Mumbai
Sector 37 Rohini,Mumbai
Sector 38 Rohini,Mumbai
Sector 4,Mumbai
Sector 4 Dwarka,Mumbai
Sector 4 Rohini,Mumbai
Sector 44 Seawoods,Mumbai
Sector 5,Mumbai
Sector 5,Mumbai
Sector 5 Dwarka,Mumbai
Sector 5 Ghansoli,Mumbai
Sector 5 HSR Layout,Mumbai
Sector 5 Road,Mumbai
Sector 5 Ulwe,Mumbai
Sector 6,Mumbai
Sector 6 Dwarka,Mumbai
Sector 6 HSR Layout,Mumbai
Sector 6 Rohini,Mumbai
Sector 7,Mumbai
Sector 7 Dwarka,Mumbai
SECTOR 7 DWARKA NEW DELHI,Mumbai
Sector 7 HSR Layout,Mumbai
Sector 7 Kharghar,Mumbai
Sector 7 Rohini,Mumbai
Sector 8,Mumbai
Sector 8,Mumbai
Sector 8 Charkop,Mumbai
Sector 8 Dwarka,Mumbai
Sector 8 Dwarka Block B,Mumbai
Sector 8 Kopar Khairane Road,Mumbai
Sector 8 Rohini,Mumbai
Sector 9,Mumbai
Sector 9 Airoli,Mumbai
Sector 9 Dwarka,Mumbai
Sector 9 Kopar Khairane Road,Mumbai
Sector 9 Rohini,Mumbai
Sector 9 Vashi,Mumbai
Sector B Pocket 8,Mumbai
Sector C Vasant Kunj,Mumbai
Sector II - Salt Lake,Mumbai
Sector II Salt Lake,Mumbai
Sector III,Mumbai
Sector IV Salt Lake,Mumbai
Sector No1 Bhosari,Mumbai
Sector V,Mumbai
Sector-12 Kopar Khairane,Mumbai
Sector-14 Koparkhairane,Mumbai
Sector-14 Rohini,Mumbai
Sector-14 Sanpada,Mumbai
Sector-16 Koparkhairane,Mumbai
Sector-16 Ulwe,Mumbai
Sector-17 Rohini,Mumbai
Sector-18 Dwarka,Mumbai
Sector-18 Ulwe,Mumbai
Sector-19 Airoli,Mumbai
Sector-27 Nerul,Mumbai
Sector-6 Airoli,Mumbai
SECTOR-7 DWARKA,Mumbai
Sector-7 Kamothe,Mumbai
Sector-7 Rohini,Mumbai
Sector-8 Dwarka,Mumbai
Sector-8 Rohini,Mumbai
Sector-8A Airoli,Mumbai
Sector-9 Ulwe,Mumbai
Sector-B Vasant Kunj,Mumbai
Sector12 Kopar Khairane,Mumbai
Sector14 Koparkhairane,Mumbai
Sector14 Sanpada,Mumbai
Sector15 Ghansoli,Mumbai
Sector16 Koparkhairane,Mumbai
Sector17 Kopar Khairane,Mumbai
Sector17 Rohini,Mumbai
Sector18 Dwarka,Mumbai
Sector19 Koper Khairane,Mumbai
Sector20 Koparkhairane,Mumbai
Sector2A Kopar Khairane,Mumbai
Sector3 Ghansoli,Mumbai
Sector34 A Kharghar,Mumbai
Sector35D Kharghar,Mumbai
Sector4 Airoli,Mumbai
Sector4 Kopar Khairane,Mumbai
Sector5 Kopar Khairane,Mumbai
Sector6 Airoli,Mumbai
Sector6 Kopar Khairane,Mumbai
Sector8A Airoli,Mumbai
Sector9 Ghansoli,Mumbai
Sector9A Vashi,Mumbai
SectorB Vasant Kunj,Mumbai
Secunderabad Railway Station Road,Mumbai
Seegehalli Magadi Road,Mumbai
Seetharampalya,Mumbai
Sekkadu,Mumbai
Selaivayal,Mumbai
Selaiyur,Mumbai
Selimpur,Mumbai
Selimpur Road,Mumbai
Sembakkam,Mumbai
Semmancheri,Mumbai
SEMMENCHERY,Mumbai
Senapati Bapat Road,Mumbai
Senganmal,Mumbai
Serampore,Mumbai
Serilingampally,Mumbai
Seshadripuram,Mumbai
Seva Nagar,Mumbai
Sevashrama,Mumbai
Seven Bunglow,Mumbai
Seven Wells North,Mumbai
Sewa Nagar,Mumbai
Sewak Park,Mumbai
Sewri,Mumbai
SFS Flats Saket,Mumbai
SG Highway Service Road,Mumbai
SG Palya Main Rd,Mumbai
Shadipur,Mumbai
Shadnagar,Mumbai
Shahabad Daulatpur Village,Mumbai
Shahabad Mohammadpur,Mumbai
Shahapur,Mumbai
Shahdara,Mumbai
Shaheen Bagh Jasola Vihar,Mumbai
Shahibagh,Mumbai
Shahibaug,Mumbai
Shahibaug Flyover,Mumbai
Shahibuag,Mumbai
Shahpur,Mumbai
Shahpur,Mumbai
Shaikpet,Mumbai
Shakarpur,Mumbai
Shakarpur Extension,Mumbai
Shakarpur Khas,Mumbai
Shakthi Nagar,Mumbai
Shakti Nagar,Mumbai
Shakurbasti,Mumbai
Shakurpur,Mumbai
Shalimar Bagh,Mumbai
Shalimar Bagh AG Block,Mumbai
Shalivahana Nagar,Mumbai
Shampura Main Road,Mumbai
Shamshabad,Mumbai
Shaniwar Peth,Mumbai
Shankar Sheth Rd,Mumbai
Shankarseth Road,Mumbai
Shanthi Nagar,Mumbai
Shanti Mohalla,Mumbai
Shanti Nagar,Mumbai
Shanti Niketan,Mumbai
Shanti Park Dwarka,Mumbai
Shantiban Society,Mumbai
Shantipura,Mumbai
Shantipura Main,Mumbai
Sharad Nagar,Mumbai
shastri Nagar,Mumbai
Shastri Nagar,Mumbai
Shastri Nagar,Mumbai
Shastri Nagar,Mumbai
Shastri Nagar Lane 2,Mumbai
Shastri Nagar Road Number 2,Mumbai
Shedge Vasti PimpriChinchwad,Mumbai
Sheela Vihar Colony,Mumbai
Sheikh Sarai,Mumbai
Sheikh Sarai Village,Mumbai
Shela,Mumbai
Shell Colony Sahakar Nagar,Mumbai
Shelwadi,Mumbai
Shenoy Nagar,Mumbai
Sheoraphuli,Mumbai
Sher E Punjab Colony,Mumbai
Sher E Punjab Society,Mumbai
Sherpur,Mumbai
Shewalewadi,Mumbai
Shibpur,Mumbai
Shikaripalya,Mumbai
Shikrapur,Mumbai
Shikshak nagar,Mumbai
Shil Phata,Mumbai
Shilaj,Mumbai
Shilgaon,Mumbai
Shilpa Hills,Mumbai
Shilphata Road Thane,Mumbai
Shimpoli,Mumbai
Shinde Vasti,Mumbai
Shindenagar,Mumbai
Shingapura,Mumbai
Shirdi Sai nagar,Mumbai
Shirdi Sai Nagar Bangalore,Mumbai
Shirgaon,Mumbai
Shirur,Mumbai
Shiva Enclave,Mumbai
Shivaji Nagar,Mumbai
Shivaji Nagar,Mumbai
Shivaji Nagar,Mumbai
Shivaji Nagar,Mumbai
Shivaji Park,Mumbai
Shivajinagar,Mumbai
Shivalik,Mumbai
Shivalik Block B,Mumbai
Shivalik Block C,Mumbai
Shivalik Colony,Mumbai
Shivam Road  Amberpet,Mumbai
Shivane,Mumbai
Shivdham Complex,Mumbai
Shivranjani Cross Road,Mumbai
Shivtirth Nagar,Mumbai
Sholinganallur,Mumbai
Sholinganallur ECR Link Road,Mumbai
Shraddhanand Road,Mumbai
Shree Sant Eknath Nagar,Mumbai
Shree Sidhivinayaka Nagri,Mumbai
Shreebhumi,Mumbai
Shri Krishna Nagar 8th Phase,Mumbai
Shrinand Nagar,Mumbai
Shukrawar Peth,Mumbai
Shyam Bazar,Mumbai
shyamal,Mumbai
Shyamal Cross Road,Mumbai
Shyambazar,Mumbai
Shyamnagar,Mumbai
Shyamnagar Road,Mumbai
Siddartha Nagar,Mumbai
Siddharth nagar,Mumbai
Siddharth Residency,Mumbai
Siddhartha Extension,Mumbai
Siddhi Vinayak Nagar,Mumbai
Sidedahalli,Mumbai
Sidharth Ext,Mumbai
Silk Board,Mumbai
silpa park,Mumbai
Sindhi Colony,Mumbai
Sindhi Colony Road,Mumbai
Sindhi Society,Mumbai
Sindhi Society Chembur,Mumbai
Sindhubhavan Road,Mumbai
Singaperumal Koil,Mumbai
Singasandra,Mumbai
Singasandra AECS B Block,Mumbai
Singasandra AECS Layout A Block,Mumbai
Sinhagad Fort,Mumbai
sinhagad road,Mumbai
Sinhgad Road,Mumbai
Sinthan Nagar,Mumbai
Sion,Mumbai
Sion Koliwada,Mumbai
Sion Trombay Road,Mumbai
Sir M V Nagar,Mumbai
Siraspur,Mumbai
Siri Fort,Mumbai
Siruseri,Mumbai
Sitaphalmandi,Mumbai
Sithalapakkam,Mumbai
SITHALAPAKKAMM,Mumbai
Sivanchetti Gardens,Mumbai
Sivarampalli,Mumbai
SK Garden,Mumbai
Skandagiri,Mumbai
Sky Water Road,Mumbai
Skylights Road,Mumbai
SMV Layout,Mumbai
SNBP School Road,Mumbai
Soami Nagar,Mumbai
Soami Nagar South,Mumbai
Sodepur,Mumbai
Sola,Mumbai
Sola Village,Mumbai
Soladevanahalli,Mumbai
Somajiguda,Mumbai
Somashetti Halli,Mumbai
Somasundara Palya,Mumbai
Somasundarapalya,Mumbai
Somatane,Mumbai
Someshwarwadi,Mumbai
somsundrapalya bangalore,Mumbai
Somwar Peth,Mumbai
Sonarpur,Mumbai
Sopan Baug,Mumbai
Sorahunase,Mumbai
South Anarkali Anarkali Colony,Mumbai
South Anarkali Delhi,Mumbai
South Avenue,Mumbai
South Bangalore,Mumbai
South Bopal,Mumbai
South Bopal Road,Mumbai
South Delhi,Mumbai
south delhi apartment sector 4,Mumbai
south dum dum,Mumbai
South Extension,Mumbai
South Extension 1,Mumbai
South Extension 2,Mumbai
South Extension II,Mumbai
South Extension Part 1,Mumbai
South Patel Nagar,Mumbai
Southern Avenue,Mumbai
SR Nagar,Mumbai
Sri Durga Colony,Mumbai
Sri Iyappa Nagar,Mumbai
Sri Krishna Layout,Mumbai
Sri Krishna Nagar,Mumbai
Sri Nagar Colony,Mumbai
Sri Niwaspuri,Mumbai
Sri Sai Nagar,Mumbai
Sri Venkateshwara Colony,Mumbai
Srinagar,Mumbai
Srinivas Nagar,Mumbai
Srinivasa Colony,Mumbai
Srinivasa Nagar,Mumbai
Srinivasa Nagar Colony Hyderabad,Mumbai
Srinivasa Puram,Mumbai
Srinivaspur,Mumbai
Srinivaspura,Mumbai
Sriniwas Puri,Mumbai
Sriperumbudur,Mumbai
sriram nagar kondapur,Mumbai
Srirampur,Mumbai
Srirampuram,Mumbai
Sriranganagar,Mumbai
SRR Colony,Mumbai
St Andrew Rd,Mumbai
St Domnic Rd,Mumbai
St Johns Church Rd,Mumbai
St Paul Rd,Mumbai
St Thomas Mount,Mumbai
St. Marks Road,Mumbai
Stage 1,Mumbai
Stage 2 BTM Layout,Mumbai
State Bank Of India Colony,Mumbai
Subham Nagar,Mumbai
Subhas Nagar,Mumbai
Subhash Bridge,Mumbai
Subhash Nagar,Mumbai
Subramani Layout,Mumbai
Subramanyapura,Mumbai
Subzi Mandi,Mumbai
Suchitra,Mumbai
Sudarshan Park,Mumbai
Suddaguntepalya,Mumbai
Sudhama Nagar,Mumbai
Sughad,Mumbai
Sukanta Nagar,Mumbai
Sukanta Nagar Sector IV,Mumbai
Sukhdev Vihar,Mumbai
Sukhsagar Nagar,Mumbai
Sulekha,Mumbai
Sulikunte,Mumbai
Sultan Palya,Mumbai
Sultan Puri,Mumbai
SULTANPUR,Mumbai
Sulur,Mumbai
Sun City,Mumbai
Sunarwadi,Mumbai
Sundar Nagar,Mumbai
Sunder Nagar,Mumbai
Sunder Nagar,Mumbai
Sunder Vihar,Mumbai
Sunil Nagar,Mumbai
Sunkadakatte,Mumbai
Sunlight Colony,Mumbai
Sunnambu Kolathur S Kolathur,Mumbai
Sunny Park,Mumbai
Suraj Vihar,Mumbai
Surajmal Vihar,Mumbai
Surapet,Mumbai
Surappattu,Mumbai
Suraram,Mumbai
Survey Park,Mumbai
Suryanagar Phase I,Mumbai
Sus,Mumbai
Suvarna Krida,Mumbai
Swapna Nagari Mulund West,Mumbai
Swargate,Mumbai
Swasthya Vihar,Mumbai
Swastik Park,Mumbai
Swiss Park,Mumbai
Syed Ali Guda,Mumbai
Syed Amir Ali Avenue,Mumbai
Syndicate,Mumbai
Syndicate Bank Colony Bangalore,Mumbai
T Dasarahalli,Mumbai
T Nagar,Mumbai
T Nagar 3,Mumbai
Tagore Garden,Mumbai
Tagore Garden Extension,Mumbai
Tagore Park,Mumbai
Tala,Mumbai
Talab Katta,Mumbai
Talaghattapura,Mumbai
Talegaon,Mumbai
Talegaon Dabhade,Mumbai
Talegaon Dhamdhere,Mumbai
Taljai Road,Mumbai
Taloja,Mumbai
Taloja Phase 1 Road,Pune
Taloje,Pune
Taltala,Pune
Talwade,Pune
Tambaram Sanatoruim,Pune
Tambaram to Mudichur road,Pune
tambaram west,Pune
Tangra,Pune
Tapodham,Pune
Tardeo,Pune
Tarnaka,Pune
Tarun Enclave,Pune
Tata Nagar,Pune
Tathawade,Pune
Tatianaram,Pune
TC Palya Main,Pune
TC Palya Road,Pune
Teen Hatti Chowk Road,Pune
Tejaswini Nagar,Pune
Tejpal Scheme Road Number 3,Pune
Telecom Layout,Pune
Telecom Nagar,Pune
Telecom Nagar Extension,Pune
Teli Galli Cross Road,Pune
Tellapur,Pune
Tellus avenue,Pune
Tembhi Naka Dhobi Ali,Pune
Teynampet,Pune
Thaiyur,Pune
Thakkarbapa Nagar,Pune
Thakur complex,Pune
Thakur Village,Pune
thakur village kandivali east,Pune
Thakur Village Road,Pune
Thakurli,Pune
Thakurpukur,Pune
Thakurpukur 3A Bus Stand,Pune
Thakurpukur Bazar,Pune
Thalambur,Pune
Thaltej,Pune
Thaltej Shilaj Road,Pune
Thammenahalli Village,Pune
Thandalam,Pune
Thane,Pune
Thane diva,Pune
Thane East,Pune
Thane West,Pune
Thane west,Pune
Thanisandra,Pune
Tharamani,Pune
Tharapakkam,Pune
Thatchoor,Pune
Thergaon,Pune
Thillai Ganga Nagar,Pune
Thimmadahalli,Pune
Thirumalashettyhally,Pune
Thirumangalam,Pune
Thirumazhisai,Pune
Thirumudivakkam,Pune
Thirumullaivoyal,Pune
Thiruneermalai,Pune
Thirunindravur,Pune
Thirupalya,Pune
Thirupalya Road,Pune
Thiruporur,Pune
Thiruvanmiyur,Pune
Thiruverkadu,Pune
Thiruvidandhai,Pune
Thiruvika Nagar,Pune
Thoraipakkam,Pune
Thoraipakkam OMR,Pune
Thorrur Village,Pune
Thotada Guddadhalli Village,Pune
Thousand Lights,Pune
Thubarahalli,Pune
Thumkunta,Pune
Thurahalli,Pune
Thyagarajanagar,Pune
Tigalarapalya,Pune
Tihar Village,Pune
Tikiapara,Pune
Tilak Chowk,Pune
Tilak Marg,Pune
Tilak Nagar,Pune
Tilak Nagar,Pune
Tilak Nagar,Pune
Tilak Nagar Mumbai,Pune
Tilak Road,Pune
Tilangpur Kotla,Pune
Tilekar Nagar,Pune
Tiljala,Pune
Tiljala Road,Pune
Tingre Nagar,Pune
Tippenahalli,Pune
Tirandaz,Pune
Tirumalapura,Pune
Tirumalgiri,Pune
Tirumanahalli,Pune
Tiruporur Near Kelambakkam,Pune
Tiruvallur,Pune
Tiruvottiyur,Pune
Titagarh,Pune
Titwala,Pune
Tnagar,Pune
Tolaram Colony,Pune
Toli Chowki,Pune
Tolichowki Road,Pune
Tollygunge,Pune
Tondiarpet,Pune
Toopran,Pune
Tooth Sarai,Pune
Topsia,Pune
Topsia Road,Pune
TPS Road,Pune
Tragad,Pune
Tri Nagar,Pune
Tribeni,Pune
Trilokpuri,Pune
Trimalgherry,Pune
Trimulgherry,Pune
Triplicane,Pune
Tughlakabad,Pune
Tukai Darshan,Pune
Tukaram Gate,Pune
Tukaram Nagar,Pune
Tulaja Bhawani Nagar,Pune
Tunganagara,Pune
Turbhe,Pune
TurkaYamjal,Pune
Ubale Nagar,Pune
Uday Park,Pune
Udyog Nagar,Pune
Ulsoor,Pune
Ulsoor Road,Pune
Ultadanga,Pune
Uluberia,Pune
Ulwe,Pune
ULWE SECTOR 19,Pune
Uma Nagar,Pune
Umdanagar,Pune
Umerkhadi,Pune
Undri,Pune
Union Park,Pune
Upkar Layout,Pune
Uppal,Pune
Uppal Bus Stop Road,Pune
Uppal Kalan,Pune
Upparpally,Pune
Upper Govind Nagar,Pune
Upperpally,Pune
Uran,Pune
Urapakkam,Pune
Urapakkam West,Pune
Uruli Devachi,Pune
Usarghar Gaon,Pune
Usman Pura,Pune
Uthandi,Pune
Uttam Nagar,Pune
Uttam Nagar,Pune
Uttam Nagar East,Pune
Uttam Nagar Subhash Park Extn,Pune
Uttam Nagar Vani Vihar,Pune
Uttam Nagar west,Pune
Uttan,Pune
Uttar Panchanna Gram,Pune
Uttarahalli,Pune
Uttarahalli Hobli,Pune
Uttari Pitampura,Pune
Uttarpara Kotrung,Pune
Vadanemmeli,Pune
Vadapalani,Pune
Vadavali Section,Pune
Vadgaon,Pune
Vadgaon Budruk,Pune
Vadgaon Sheri,Pune
Vadgoan Sheri Rajendri Nagar,Pune
Vaishali,Pune
VAISHALI SEC 4,Pune
Vaishnodevi,Pune
Vajarahalli,Pune
Vakil Nagar,Pune
Vakil Whispering Woods,Pune
Vakola,Pune
vakola santacuz e,Pune
Valarkundram,Pune
Valasaravakkam,Pune
Vallabh Nagar,Pune
Valliyamma Layout,Pune
Valmik Nagar,Pune
Valvan Lonavla,Pune
Vanagaram,Pune
Vanasthalipuram,Pune
Vanaz corner,Pune
Vanaz Corner Pedestrian Crossing,Pune
Vandalur,Pune
Vangani,Pune
Vani Vihar New Uttam Nagar,Pune
Vannanthurai,Pune
Varadharaja Nagar,Pune
Varadharajapuram,Pune
Varadharajapuram Main,Pune
Varale Pune,Pune
Varanasi,Pune
Vardhaman Township Sasane Nagar,Pune
Varsha Park Society,Pune
Varthur,Pune
Varthur Main Road,Pune
Vasai,Pune
Vasai east,Pune
Vasai Road east,Pune
Vasai West,Pune
Vasant Kunj,Pune
Vasant Kunj Enclave,Pune
Vasant Kunj Sector A,Pune
Vasant Vihar,Pune
Vasant Vihar,Pune
Vasant Vihar,Pune
Vasant Vihar Complex,Pune
vasant vihar thane west,Pune
Vasanth Nagar,Pune
Vasantha Nagar,Pune
Vasantham Nagar,Pune
Vasatha Vallbha Nagar,Pune
Vascon Paradise Society,Pune
Vashi,Pune
Vashi Kopar Khairane Road,Pune
Vasind,Pune
Vasna,Pune
Vastral,Pune
Vastrapur,Pune
Vasundhara Enclave,Pune
Vattinagulapally,Pune
Vatva,Pune
Vazhayila,Pune
Vazira,Pune
Vazira Naka,Pune
Vediri Township,Pune
Veer Sandra,Pune
Veer Savarkar Nagar,Pune
Veera Desai Road,Pune
Veerabhadra Nagar,Pune
Veerannapalya,Pune
Veerasandra Main Road,Pune
Veerbhadra Nagar,Pune
Vejalpur,Pune
Vejalpur Gam,Pune
Velachery,Pune
Velachery Road,Pune
Velappanchavadi,Pune
Vellakkal,Pune
Vengaivasal,Pune
Vengalarao Nagar,Pune
Vengambakkam,Pune
Vengathur Panchayat,Pune
Venkat Nagar Colony,Pune
Venkatadri Colony,Pune
Venkatadri Layout,Pune
Venkatagiri,Pune
Venkatapuram Alwal Secundrabad,Pune
Venkataramana Colony,Pune
Venkataswara Layout,Pune
Venkateshwara layout,Pune
Venkatraya Nagar,Pune
Venugopal Reddy Layout,Pune
Veppampatttu,Pune
Veppampattu,Pune
versova,Pune
Versova,Pune
Vettuvankani,Pune
Vettuvankeni,Pune
Vibhutipura,Pune
Vibhutipura Extension,Pune
Vichumbe,Pune
Victoria Layout,Pune
Vidyamanya Nagar,Pune
Vidyapeeta Main,Pune
Vidyaranyapura,Pune
VidyaVihar,Pune
vignan nagar,Pune
Vignana Kendra,Pune
Vignana Nagar Bengaluru,Pune
Vignarajapuram 3rd Cross St,Pune
Vignarajapuram 4th Extension Road,Pune
Vigyan Lok,Pune
Vigyan Vihar,Pune
Vihighar,Pune
Vijay Cross Roads,Pune
Vijay Nagar,Pune
Vijay Nagar,Pune
Vijay Nagar Colony Road,Pune
Vijay Society,Pune
Vijaya Bank Colony Extension,Pune
Vijaya Nagar,Pune
Vijaya Nagar Colony,Pune
Vijayanagar,Pune
Vijinapura,Pune
Vikas Marg,Pune
Vikas Nagar,Pune
Vikas Puri,Pune
vikaspuri,Pune
Vikhroli,Pune
Vikhroli West,Pune
Vikram Nagar,Pune
Vikram Vihar,Pune
Vikram Vihar Lajpat Nagar IV,Pune
Vikrant Residency,Pune
Vikroli East,Pune
vile parle,Pune
Vile Parle E,Pune
Vile Parle East,Pune
vile parle east,Pune
vile parle west,Pune
Ville Parle East,Pune
Ville Parle West,Pune
Villivakkam,Pune
Viman Nagar,Pune
Vimanapura,Pune
Vinay Nagar,Pune
Vinayagapuram,Pune
Vinayak Nagar Colony Hyderabad,Pune
Vinayaka Layout Road,Pune
Vinayakanagar,Pune
Vinod Nagar East,Pune
Vinod Nagar North,Pune
Vinod Nagar West,Pune
Vinzol,Pune
VIP Haldiram,Pune
VIP Hills,Pune
VIP Nagar,Pune
VIP Road,Pune
Virar,Pune
Virar East,Pune
Virar West,Pune
Virat Nagar,Pune
Virat Nagar Road,Pune
Virugambakkam,Pune
Virupakshapura,Pune
Visalpur,Pune
Vishal Nagar,Pune
Vishal Nagar Main,Pune
Vishal nagar square new dp road,Pune
Vishala,Pune
Vishnu Garden,Pune
Vishnu Nagar,Pune
Vishrantwadi,Pune
Vishveshwar Nagar,Pune
Vishveshwarya Layout,Pune
Vithaldas Nagar,Pune
Vittal Mallya Road,Pune
Vittal Nagar,Pune
Vittalvadi,Pune
Vittasandra,Pune
Vitthal Wadi,Pune
Vitthalwadi,Pune
Vivek Nagar,Pune
Vivek Vihar,Pune
Vivek Vihar Phase I,Pune
Vivek Vihar Phase II Delhi,Pune
vivekananda Nagar,Pune
VN Purav Marg,Pune
Voderahalli,Pune
Volagerekallahalli,Pune
VSM Garden,Pune
Vyalikaval,Pune
Vyasarpadi,Pune
Wadaj,Pune
Wadala,Pune
Wadala East,Pune
Wadarvadi,Pune
wadebolhai,Pune
Wadegaon,Pune
Wadgaon Budruk,Pune
Wadgaon Sheri,Pune
Waghbil,Pune
Wagholi,Pune
Wagholi Kesnand Wadegaon Road,Pune
Wagholi Road,Pune
wakad,Pune
Wakad,Pune
Wakad Chowk Road,Pune
Wakad Pune,Pune
Wakadkar Wasti,Pune
Walhekarwadi Chinchwad,Pune
Walkeshwar,Pune
Walvekar Nagar,Pune
Wanawadi Gaon,Pune
Wanowrie,Pune
Wanwadi,Pune
Warasiguda,Pune
Ward No 113,Pune
Warje,Pune
Warje Malwadi,Pune
Washermanpet,Pune
Wazirabad,Pune
Weaker Section Colony,Pune
Weavers Colony,Pune
Wellington Paradise,Pune
West End,Pune
West Mambalam,Pune
West Marredpally,Pune
West Patel Nagar,Pune
West Patel Nagar Road,Pune
West Sagarpur,Pune
West Saidapet,Pune
West Shalimar Bagh,Pune
West Tambaram,Pune
West Vinod Nagar,Pune
Westend,Pune
Westend DLF Chattarpur Farms,Pune
Western Express Highway Goregaon East,Pune
Western Express Highway Kandivali East,Pune
Western Express Highway Malad East,Pune
Western Express Highway Santacruz East,Pune
Whisper Valley,Pune
Whitefield,Pune
Whitefield,Pune
Whitefield Hagadur,Pune
Whitefield Hope Farm Junction,Pune
Whitefield Hoskote Road,Pune
Wilson Garden,Pune
Wilson Garden Society,Pune
Wind Tunnel Road,Pune
Worli,Pune
Worli Hill Road,Pune
worli sea Fase,Pune
Worli South Mumbai,Pune
Yamnampet,Pune
Yamuna Nagar,Pune
Yamuna Vihar,Pune
Yapral,Pune
Yari Road,Pune
Yashwant Nagar,Pune
Yashwantnagar,Pune
Yashwantrao Chavan Nagar,Pune
Yediyur,Pune
Yelachenahalli,Pune
Yelahanka,Pune
Yelahanka New Town,Pune
Yelahanka Satellite Town,Pune
Yellareddy Guda,Pune
Yemalur,Pune
Yerawada,Pune
Yerwada Village,Pune
Yeshwanthpur,Pune
Yeshwantpur,Pune
Yeshwantpur Village,Pune
Yewalewadi,Pune
yogi nagar,Pune
Yogidham,Pune
Yojna Vihar,Pune
Yousufguda,Pune
Yusuf Sarai,Pune
Zaheerabad,Pune
Zamistanpur,Pune
Zone L Dwarka,Pune
Zundal,Pune
Zundal Circle,Pune
Zydus Hospital Road,Pune
